System,Line Seq No,Inspection Date,Corrosion Loop No,Line No,Isometric No,Line Diameter,Pipe Spec,NWT (mm),Test Point / Dwg Ref,Location (Elbow / Tee / Straight / Weld etc),Feature No,Feature Type,Scan Type (Area / Radial / Point),Minimum WT Reading (mm) (12 o'clock),Minimum WT Reading (mm) (3 o'clock),Minimum WT Reading (mm) (6 o'clock),Minimum WT Reading (mm) (9 o'clock),Average WT (mm),Extrados Area Scan (mm),Comments,Report No
20,20006,16/09/2011,,250-PL-20006-01C02-P,250-PL-20006-01C02-P-M1-1,250,01C02,6.35,1,Straight,,Adjacent Weld,Radial,6.4,6.6,6.6,6.5,6.525,,,2011 BL.xslx
20,20006,16/09/2011,,250-PL-20006-01C02-P,250-PL-20006-01C02-P-M1-1,250,01C02,6.4,2,Straight,,Adjacent Weld,Radial,6.4,6.3,6.6,6.4,6.425,,,2011 BL.xslx
20,20006,16/09/2011,,250-PL-20006-01C02-P,250-PL-20006-01C02-P-M1-1,250,01C02,6.4,3,Elbow,,Adjacent Weld,Radial,6.8,6.4,6.5,6.6,6.575,,,2011 BL.xslx
20,20006,16/09/2011,,250-PL-20006-01C02-P,250-PL-20006-01C02-P-M1-1,250,01C02,6.4,4,Elbow,,Outside of Bend,Point,6.7,NR,NR,NR,6.7,6.8,,2011 BL.xslx
20,20006,16/09/2011,,250-PL-20006-01C02-P,250-PL-20006-01C02-P-M1-1,250,01C02,6.4,5,Elbow,,Outside of Bend,Point,6.9,NR,NR,NR,6.9,6.8,,2011 BL.xslx
20,20006,16/09/2011,,250-PL-20006-01C02-P,250-PL-20006-01C02-P-M1-1,250,01C02,6.4,6,Elbow,,Outside of Bend,Point,6.8,NR,NR,NR,6.8,6.8,,2011 BL.xslx
20,20006,16/09/2011,,250-PL-20006-01C02-P,250-PL-20006-01C02-P-M1-1,250,01C02,6.4,7,Elbow,,Adjacent Weld,Radial,6.9,6.5,5.8,6.3,6.375,,,2011 BL.xslx
20,20006,16/09/2011,,250-PL-20006-01C02-P,250-PL-20006-01C02-P-M1-1,250,01C02,6.4,8,Straight,,Adjacent Weld,Radial,6.1,6.5,6.5,6.4,6.375,,,2011 BL.xslx
20,20006,16/09/2011,,250-PL-20006-01C02-P,250-PL-20006-01C02-P-M1-1,250,01C02,6.4,9,Tee,,Adjacent Weld,Radial,6.2,6.4,6.5,6.5,6.4,,,2011 BL.xslx
20,20006,16/09/2011,,250-PL-20006-01C02-P,250-PL-20006-01C02-P-M1-1,250,01C02,6.4,10,Tee,,Back & Sides of Tee,Radial,,11.5,11.3,11.7,11.5,,,2011 BL.xslx
20,20006,16/09/2011,,250-PL-20006-01C02-P,250-PL-20006-01C02-P-M1-1,250,01C02,6.4,11,Tee,,Adjacent Weld,Radial,11.2,11.2,11.2,11.8,11.35,,,2011 BL.xslx
20,20006,16/09/2011,,250-PL-20006-01C02-P,250-PL-20006-01C02-P-M1-1,250,01C02,6.4,12,Elbow,,Adjacent Weld,Radial,9.9,10.1,11.4,10.4,10.45,,,2011 BL.xslx
20,20006,16/09/2011,,250-PL-20006-01C02-P,250-PL-20006-01C02-P-M1-1,250,01C02,6.4,13,Elbow,,Outside of Bend,Point,10.2,NR,NR,NR,10.2,10,,2011 BL.xslx
20,20006,16/09/2011,,250-PL-20006-01C02-P,250-PL-20006-01C02-P-M1-1,250,01C02,6.4,13A,Elbow,,Outside of Bend,Point,10.2,NR,NR,NR,10.2,10,,2011 BL.xslx
20,20006,16/09/2011,,250-PL-20006-01C02-P,250-PL-20006-01C02-P-M1-1,250,01C02,6.4,14,Elbow,,Outside of Bend,Radial,10.1,10.2,11.1,10.1,10.375,,,2011 BL.xslx
20,20006,16/09/2011,,250-PL-20006-01C02-P,250-PL-20006-01C02-P-M1-1,250,01C02,6.4,14A,Straight,,Adjacent Weld,Radial,6.6,6.3,6.5,6.4,6.45,,,2011 BL.xslx
20,20006,16/09/2011,,250-PL-20006-01C02-P,250-PL-20006-01C02-P-M1-2,250,01C02,6.4,15,Straight,,Adjacent Weld,Radial,6.3,6.3,6.2,6.2,6.25,,,2011 BL.xslx
20,20006,16/09/2011,,250-PL-20006-01C02-P,250-PL-20006-01C02-P-M1-2,250,01C02,6.4,16,Tee,,Adjacent Weld,Radial,11.1,10.8,10.3,10.6,10.7,,,2011 BL.xslx
20,20006,16/09/2011,,250-PL-20006-01C02-P,250-PL-20006-01C02-P-M1-2,250,01C02,6.4,17,Tee,,Body of Tee,Radial,10.4,11.9,10.8,,11.03333333,,,2011 BL.xslx
20,20006,16/09/2011,,250-PL-20006-01C02-P,250-PL-20006-01C02-P-M1-2,250,01C02,6.4,18,Tee,,Adjacent Weld,Radial,10.3,10.8,10.2,10.3,10.4,,,2011 BL.xslx
20,20006,16/09/2011,,250-PL-20006-01C02-P,250-PL-20006-01C02-P-M1-2,250,01C02,6.4,19,Tee,,Adjacent Weld,Radial,8.5,9.5,8.6,9.4,9,,,2011 BL.xslx
20,20006,16/09/2011,,250-PL-20006-01C02-P,250-PL-20006-01C02-P-M1-2,250,01C02,6.4,20,Straight,,Adjacent Weld,Radial,6.6,6.3,6.6,6.8,6.575,,,2011 BL.xslx
20,20006,16/09/2011,,250-PL-20006-01C02-P,250-PL-20006-01C02-P-M1-2,250,01C02,6.4,21,Straight,,Adjacent Weld,Radial,6.6,6.2,6.6,7.1,6.625,,,2011 BL.xslx
20,20006,16/09/2011,,250-PL-20006-01C02-P,250-PL-20006-01C02-P-M1-2,250,01C02,6.4,22,Tee,,Adjacent Weld,Radial,9.8,10.4,10.7,10.1,10.25,,,2011 BL.xslx
20,20006,16/09/2011,,250-PL-20006-01C02-P,250-PL-20006-01C02-P-M1-2,250,01C02,6.4,23,Tee,,Adjacent Weld,Radial,10.2,10.1,10.6,10.3,10.3,,,2011 BL.xslx
20,20006,16/09/2011,,250-PL-20006-01C02-P,250-PL-20006-01C02-P-M1-2,250,01C02,6.4,24,Elbow,,Adjacent Weld,Radial,10.1,10.8,10.3,10,10.3,,,2011 BL.xslx
20,20006,16/09/2011,,250-PL-20006-01C02-P,250-PL-20006-01C02-P-M1-2,250,01C02,6.4,25,Elbow,,Outside of Bend,Point,NR,9.6,NR,NR,9.6,9.3,,2011 BL.xslx
20,20006,16/09/2011,,250-PL-20006-01C02-P,250-PL-20006-01C02-P-M1-2,250,01C02,6.4,26,Elbow,,Outside of Bend,Point,NR,9.5,NR,NR,9.5,9.3,,2011 BL.xslx
20,20006,16/09/2011,,250-PL-20006-01C02-P,250-PL-20006-01C02-P-M1-2,250,01C02,6.4,27,Elbow,,Adjacent Weld,Radial,10.1,11.6,10.4,9.2,10.325,,Assumed switched 3 / 9 o'clock readings from previous baseline,2011 BL.xslx
20,20006,16/09/2011,,250-PL-20006-01C02-P,250-PL-20006-01C02-P-M1-2,250,01C02,6.4,28,Reducer,,Adjacent Weld,Radial,10.1,10.2,9.3,10,9.9,,,2011 BL.xslx
20,20006,16/09/2011,,250-PL-20006-01C02-P,250-PL-20006-01C02-P-M1-2,200,01C02,6.4,29,Reducer,,Adjacent Weld,Radial,12.1,10.4,9.5,10.3,10.575,,,2011 BL.xslx
20,20006,16/09/2011,,250-PL-20006-01C02-P,250-PL-20006-01C02-P-M1-1,250,01C02,6.4,30,Straight,,Adjacent Weld,Radial,6.6,6.3,6.4,6.4,6.425,,,2011 BL.xslx
20,20006,16/09/2011,,250-PL-20006-01C02-P,250-PL-20006-01C02-P-M1-1,250,01C02,6.4,31,Elbow,,Adjacent Weld,Radial,11.6,10.5,9.8,10.4,10.575,,,2011 BL.xslx
20,20006,16/09/2011,,250-PL-20006-01C02-P,250-PL-20006-01C02-P-M1-1,250,01C02,6.4,32,Elbow,,Outside of Bend,Point,NR,NR,9.7,NR,9.7,9.4,,2011 BL.xslx
20,20006,16/09/2011,,250-PL-20006-01C02-P,250-PL-20006-01C02-P-M1-1,250,01C02,6.4,33,Elbow,,Outside of Bend,Point,NR,NR,9.5,NR,9.5,9.4,,2011 BL.xslx
20,20006,16/09/2011,,250-PL-20006-01C02-P,250-PL-20006-01C02-P-M1-1,250,01C02,6.4,34,Elbow,,Outside of Bend,Point,NR,NR,9.4,NR,9.4,9.4,,2011 BL.xslx
20,20006,16/09/2011,,250-PL-20006-01C02-P,250-PL-20006-01C02-P-M1-1,250,01C02,6.4,35,Elbow,,Adjacent Weld,Radial,10.7,10.2,9.6,10.1,10.15,,,2011 BL.xslx
20,20006,16/09/2011,,250-PL-20006-01C02-P,250-PL-20006-01C02-P-M1-1,250,01C02,6.4,36,Straight,,Adjacent Weld,Radial,6.2,6.5,6.2,6.4,6.325,,,2011 BL.xslx
20,20006,16/09/2011,,250-PL-20006-01C02-P,250-PL-20006-01C02-P-M1-1,250,01C02,6.4,37,Straight,,Adjacent Weld,Radial,6.3,6.4,6.6,6.6,6.475,,,2011 BL.xslx
20,20006,16/09/2011,,250-PL-20006-01C02-P,250-PL-20006-01C02-P-M1-2,250,01C02,6.4,38,Elbow,,Adjacent Weld,Radial,10.2,10.7,10.3,9.8,10.25,,,2011 BL.xslx
20,20006,16/09/2011,,250-PL-20006-01C02-P,250-PL-20006-01C02-P-M1-2,250,01C02,6.4,39,Elbow,,Outside of Bend,Point,9.9,NR,NR,NR,9.9,,Change in feature type ,2011 BL.xslx
20,20006,16/09/2011,,250-PL-20006-01C02-P,250-PL-20006-01C02-P-M1-2,250,01C02,6.4,40,Elbow,,Outside of Bend,Point,10,NR,NR,NR,10,9.9,,2011 BL.xslx
20,20006,16/09/2011,,250-PL-20006-01C02-P,250-PL-20006-01C02-P-M1-2,250,01C02,6.4,41,Elbow,,Outside of Bend,Point,9.9,NR,NR,NR,9.9,,Change in feature type ,2011 BL.xslx
20,20006,16/09/2011,,250-PL-20006-01C02-P,250-PL-20006-01C02-P-M1-2,250,01C02,6.4,42,Elbow,,Adjacent Weld,Radial,10,10.3,11.3,10.2,10.45,,,2011 BL.xslx
20,20006,16/09/2011,,250-PL-20006-01C02-P,250-PL-20006-01C02-P-M1-2,250,01C02,6.4,43,Straight,,Adjacent Weld,Radial,6.6,6.5,6.2,6,6.325,,,2011 BL.xslx
20,20006,16/09/2011,,250-PL-20006-01C02-P,250-PL-20006-01C02-P-M1-2,250,01C02,6.4,44,Straight,,Adjacent Weld,Radial,6.2,6.1,6.3,6.1,6.175,,,2011 BL.xslx
20,20006,16/09/2011,,250-PL-20006-01C02-P,250-PL-20006-01C02-P-M1-2,250,01C02,6.4,45,Elbow,,Adjacent Weld,Radial,6.5,6.6,8.1,8.1,7.325,,,2011 BL.xslx
20,20006,16/09/2011,,250-PL-20006-01C02-P,250-PL-20006-01C02-P-M1-2,250,01C02,6.4,46,Elbow,,Adjacent Weld,Radial,6.3,6.4,6.5,6.4,6.4,,,2011 BL.xslx
20,20006,16/09/2011,,250-PL-20006-01C02-P,250-PL-20006-01C02-P-M1-2,250,01C02,6.4,47,Elbow,,Outside of Bend,Radial,,7.8,,,7.8,,,2011 BL.xslx
20,20006,16/09/2011,,250-PL-20006-01C02-P,250-PL-20006-01C02-P-M1-2,250,01C02,6.4,48,Elbow,,Outside of Bend,Point,NR,7.9,NR,NR,7.9,7.8,,2011 BL.xslx
20,20006,16/09/2011,,250-PL-20006-01C02-P,250-PL-20006-01C02-P-M1-2,250,01C02,6.4,49,Elbow,,Adjacent Weld,Radial,6.4,6.5,6.5,6.5,6.475,,,2011 BL.xslx
20,20006,16/09/2011,,250-PL-20006-01C02-P,250-PL-20006-01C02-P-M1-2,250,01C02,6.4,50,Straight,,Adjacent Weld,Radial,6,6.6,6.1,6.4,6.275,,,2011 BL.xslx
20,20007,16/09/2011,,250-PL-20007-01C02,250-PL-20007-01C02-M1,250,01C02,6.35,1,Straight,,Adjacent Weld,Radial,6.1,6.1,6.5,6,6.175,,,2011 BL.xslx
20,20007,16/09/2011,,250-PL-20007-01C02,250-PL-20007-01C02-M1,250,01C02,6.35,2,Elbow,,Adjacent Weld,Radial,9.7,10.5,11.2,10.1,10.375,,Results rechecked 18/09/2010 (original baseline error),2011 BL.xslx
20,20007,16/09/2011,,250-PL-20007-01C02,250-PL-20007-01C02-M1,250,01C02,6.35,3,Elbow,,Outside of Bend,Point,9.5,NR,NR,NR,9.5,9.4,,2011 BL.xslx
20,20007,16/09/2011,,250-PL-20007-01C02,250-PL-20007-01C02-M1,250,01C02,6.35,4,Elbow,,Outside of Bend,Point,9.4,NR,NR,NR,9.4,9.4,,2011 BL.xslx
20,20007,16/09/2011,,250-PL-20007-01C02,250-PL-20007-01C02-M1,250,01C02,6.35,5,Elbow,,Outside of Bend,Point,9.4,NR,NR,NR,9.4,9.4,,2011 BL.xslx
20,20007,16/09/2011,,250-PL-20007-01C02,250-PL-20007-01C02-M1,250,01C02,6.35,6,Elbow,,Adjacent Weld,Radial,9.4,10.4,11.6,10.4,10.45,,,2011 BL.xslx
20,20007,16/09/2011,,250-PL-20007-01C02,250-PL-20007-01C02-M1,250,01C02,6.35,7,Straight,,Adjacent Weld,Radial,6,6.3,6.5,6,6.2,,,2011 BL.xslx
20,20007,16/09/2011,,250-PL-20007-01C02,250-PL-20007-01C02-M1,250,01C02,6.35,8,Straight,,Adjacent Weld,Radial,5.9,6.1,6.5,5.9,6.1,,,2011 BL.xslx
20,20007,16/09/2011,,250-PL-20007-01C02,250-PL-20007-01C02-M1,250,01C02,6.35,9,Elbow,,Adjacent Weld,Radial,9.5,9.8,9.6,9.7,9.65,,Results rechecked 18/09/2010 (original baseline error),2011 BL.xslx
20,20007,16/09/2011,,250-PL-20007-01C02,250-PL-20007-01C02-M1,250,01C02,6.35,10,Elbow,,Outside of Bend,Point,NR,NR,NR,9.6,9.6,9.6,,2011 BL.xslx
20,20007,16/09/2011,,250-PL-20007-01C02,250-PL-20007-01C02-M1,250,01C02,6.35,11,Elbow,,Adjacent Weld,Radial,9.4,9.6,9.3,9.7,9.5,,,2011 BL.xslx
20,20007,16/09/2011,,250-PL-20007-01C02,250-PL-20007-01C02-M1,250,01C02,6.35,12,Straight,,Adjacent Weld,Radial,6.5,6.2,5.8,6.4,6.225,,,2011 BL.xslx
20,20029,15/09/2011,,150-PL-20029-01C02-P,150-PL-20029-01C02-P-M1,150,01C02,7.1,1,Elbow,,Adjacent Weld,Radial,7.9,6.9,7.4,8.8,7.75,,,2011 BL.xslx
20,20029,15/09/2011,,150-PL-20029-01C02-P,150-PL-20029-01C02-P-M1,150,01C02,7.1,2,Elbow,,Outside of Bend,Point,NR,6.9,NR,NR,6.9,6.8,,2011 BL.xslx
20,20029,15/09/2011,,150-PL-20029-01C02-P,150-PL-20029-01C02-P-M1,150,01C02,7.1,3,Elbow,,Adjacent Weld,Radial,7.9,6.8,7.4,8.3,7.6,,,2011 BL.xslx
20,20029,15/09/2011,,150-PL-20029-01C02-P,150-PL-20029-01C02-P-M1,150,01C02,7.1,4,Straight,,Adjacent Weld,Radial,7,7.3,7.5,7.3,7.275,,,2011 BL.xslx
20,20034,16/09/2011,,200-PL-20034-03CO2-P,200-PL-20034-03CO2-P-M1-3,200,03C02,8.1,1,Elbow,,Adjacent Weld,Radial,7.9,8.2,7.9,8.1,8.025,,,2011 BL.xslx
20,20034,16/09/2011,,200-PL-20034-03CO2-P,200-PL-20034-03CO2-P-M1-3,200,03C02,8.1,2,Elbow,,Outside of Bend,Point,8.1,NR,NR,NR,8.1,7.7,,2011 BL.xslx
20,20034,16/09/2011,,200-PL-20034-03CO2-P,200-PL-20034-03CO2-P-M1-3,200,03C02,8.1,3,Elbow,,Outside of Bend,Point,8.1,NR,NR,NR,8.1,7.7,,2011 BL.xslx
20,20034,16/09/2011,,200-PL-20034-03CO2-P,200-PL-20034-03CO2-P-M1-3,200,03C02,8.1,4,Elbow,,Outside of Bend,Point,7.7,NR,NR,NR,7.7,7.7,,2011 BL.xslx
20,20034,16/09/2011,,200-PL-20034-03CO2-P,200-PL-20034-03CO2-P-M1-3,200,03C02,8.1,5,Elbow,,Adjacent Weld,Radial,7.8,7.9,7.8,8.1,7.9,,,2011 BL.xslx
20,20034,16/09/2011,,200-PL-20034-03CO2-P,200-PL-20034-03CO2-P-M1-3,200,03C02,8.1,6,Straight,,Adjacent Weld,Radial,8.2,8.2,8.5,8.5,8.35,,,2011 BL.xslx
20,20034,16/09/2011,,200-PL-20034-03CO2-P,200-PL-20034-03CO2-P-M1-3,200,03C02,8.1,7,Straight,,Adjacent Weld,Radial,8.5,8,7.9,8.3,8.175,,,2011 BL.xslx
20,20034,16/09/2011,,200-PL-20034-03CO2-P,200-PL-20034-03CO2-P-M1-3,200,03C02,8.1,8,Straight,,Adjacent Weld,Radial,8.4,8.1,8.1,8.2,8.2,,,2011 BL.xslx
20,20034,16/09/2011,,200-PL-20034-03CO2-P,200-PL-20034-03CO2-P-M1-3,200,03C02,8.1,9,Straight,,Adjacent Weld,Radial,8.6,8,7.9,8.2,8.175,,,2011 BL.xslx
20,20034,16/09/2011,,200-PL-20034-03CO2-P,200-PL-20034-03CO2-P-M1-3,200,03C02,8.1,10,Elbow,,Adjacent Weld,Radial,7.9,8,7.4,8.1,7.85,,,2011 BL.xslx
20,20034,16/09/2011,,200-PL-20034-03CO2-P,200-PL-20034-03CO2-P-M1-3,200,03C02,8.1,11,Elbow,,Outside of Bend,Point,8,NR,NR,NR,8,7.8,,2011 BL.xslx
20,20034,16/09/2011,,200-PL-20034-03CO2-P,200-PL-20034-03CO2-P-M1-3,200,03C02,8.1,12,Elbow,,Outside of Bend,Point,7.9,NR,NR,NR,7.9,7.8,,2011 BL.xslx
20,20034,16/09/2011,,200-PL-20034-03CO2-P,200-PL-20034-03CO2-P-M1-3,200,03C02,8.1,13,Elbow,,Outside of Bend,Point,8.3,NR,NR,NR,8.3,7.8,,2011 BL.xslx
20,20034,16/09/2011,,200-PL-20034-03CO2-P,200-PL-20034-03CO2-P-M1-3,200,03C02,8.1,14,Elbow,,Adjacent Weld,Radial,8,8.1,7.6,7.9,7.9,,,2011 BL.xslx
20,20035,15/09/2011,,200-PL-20035-03C02-P,200-PL-20035-03C02-P,200,03C02,8.1,1,Elbow,,Adjacent Weld,Radial,7.9,7.9,7.7,8.2,7.925,,,2011 BL.xslx
20,20035,15/09/2011,,200-PL-20035-03C02-P,200-PL-20035-03C02-P,200,03C02,8.1,2,Elbow,,Outside of Bend,Point,7.8,NR,NR,NR,7.8,8,,2011 BL.xslx
20,20035,15/09/2011,,200-PL-20035-03C02-P,200-PL-20035-03C02-P,200,03C02,8.1,3,Elbow,,Outside of Bend,Point,8.4,NR,NR,NR,8.4,8,,2011 BL.xslx
20,20035,15/09/2011,,200-PL-20035-03C02-P,200-PL-20035-03C02-P,200,03C02,8.1,4,Elbow,,Outside of Bend,Point,7.9,NR,NR,NR,7.9,8,,2011 BL.xslx
20,20035,15/09/2011,,200-PL-20035-03C02-P,200-PL-20035-03C02-P,200,03C02,8.1,5,Elbow,,Adjacent Weld,Radial,7.8,8.3,7.4,8,7.875,,,2011 BL.xslx
20,20035,15/09/2011,,200-PL-20035-03C02-P,200-PL-20035-03C02-P,200,03C02,8.1,6,Straight,,Adjacent Weld,Radial,8.3,8.2,8.4,8.2,8.275,,,2011 BL.xslx
20,20035,15/09/2011,,200-PL-20035-03C02-P,200-PL-20035-03C02-P,200,03C02,8.1,7,Straight,,Adjacent Weld,Radial,7.9,8.1,8.2,8.2,8.1,,,2011 BL.xslx
20,20035,15/09/2011,,200-PL-20035-03C02-P,200-PL-20035-03C02-P,200,03C02,8.1,8,Elbow,,Adjacent Weld,Radial,8,7.7,7.1,8.2,7.75,,,2011 BL.xslx
20,20035,15/09/2011,,200-PL-20035-03C02-P,200-PL-20035-03C02-P,200,03C02,8.1,9,Elbow,,Outside of Bend,Point,8,NR,NR,NR,8,7.8,,2011 BL.xslx
20,20035,15/09/2011,,200-PL-20035-03C02-P,200-PL-20035-03C02-P,200,03C02,8.1,10,Elbow,,Outside of Bend,Point,7.9,NR,NR,NR,7.9,7.8,,2011 BL.xslx
20,20035,15/09/2011,,200-PL-20035-03C02-P,200-PL-20035-03C02-P,200,03C02,8.1,11,Elbow,,Outside of Bend,Point,8,NR,NR,NR,8,7.8,,2011 BL.xslx
20,20035,15/09/2011,,200-PL-20035-03C02-P,200-PL-20035-03C02-P,200,03C02,8.1,12,Elbow,,Adjacent Weld,Radial,8,8.3,7.5,7.8,7.9,,,2011 BL.xslx
20,20037,17/09/2011,,300-PG-20037-03C03,300-PG-20037-03C03-M4-3,300,03C03,14.3,1,Elbow,,Adjacent Weld,N/A,N/A,N/A,N/A,N/A,,,Feature removed at time of insp ,2011 BL.xslx
20,20037,17/09/2011,,300-PG-20037-03C03,300-PG-20037-03C03-M4-3,300,03C03,14.3,2,Elbow,,Outside of Bend,N/A,N/A,N/A,N/A,N/A,,,Feature removed at time of insp ,2011 BL.xslx
20,20037,17/09/2011,,300-PG-20037-03C03,300-PG-20037-03C03-M4-3,300,03C03,14.3,3,Elbow,,Outside of Bend,N/A,N/A,N/A,N/A,N/A,,,Feature removed at time of insp ,2011 BL.xslx
20,20037,15/09/2011,,300-PG-20037-03C03,300-PG-20037-03C03-M4-3,300,03C03,14.3,4,Elbow,,Outside of Bend,N/A,N/A,N/A,N/A,N/A,,,Feature removed at time of insp ,2011 BL.xslx
20,20037,15/09/2011,,300-PG-20037-03C03,300-PG-20037-03C03-M4-3,300,03C03,14.3,5,Elbow,,Adjacent Weld,N/A,N/A,N/A,N/A,N/A,,,Feature removed at time of insp ,2011 BL.xslx
20,20037,15/09/2011,,300-PG-20037-03C03,300-PG-20037-03C03-M4-3,300,03C03,14.3,6,Straight,,Adjacent Weld,N/A,N/A,N/A,N/A,N/A,,,Feature removed at time of insp ,2011 BL.xslx
20,20037,15/09/2011,,300-PG-20037-03C03,300-PG-20037-03C03-M4-1,300,03C03,14.3,7,Straight,,Adjacent Weld,Radial,14.1,14.9,13.6,13.9,14.125,,,2011 BL.xslx
20,20037,15/09/2011,,300-PG-20037-03C03,300-PG-20037-03C03-M4-1,300,03C03,14.3,8,Elbow,,Adjacent Weld,Radial,16.5,16.1,17.3,17.3,16.8,,,2011 BL.xslx
20,20037,15/09/2011,,300-PG-20037-03C03,300-PG-20037-03C03-M4-1,300,03C03,14.3,9,Elbow,,Outside of Bend,Point,NR,NR,NR,17.4,17.4,17.6,,2011 BL.xslx
20,20037,15/09/2011,,300-PG-20037-03C03,300-PG-20037-03C03-M4-1,300,03C03,14.3,10,Elbow,,Outside of Bend,Point,NR,NR,NR,17.6,17.6,17.6,,2011 BL.xslx
20,20037,15/09/2011,,300-PG-20037-03C03,300-PG-20037-03C03-M4-1,300,03C03,14.3,11,Elbow,,Outside of Bend,Point,NR,NR,NR,17.7,17.7,17.6,,2011 BL.xslx
20,20037,15/09/2011,,300-PG-20037-03C03,300-PG-20037-03C03-M4-1,300,03C03,14.3,12,Elbow,,Adjacent Weld,Radial,16.2,16.4,17.3,17.8,16.925,,,2011 BL.xslx
20,20037,15/09/2011,,300-PG-20037-03C03,300-PG-20037-03C03-M4-1,300,03C03,14.3,13,Straight,,Adjacent Weld,Radial,14,13.5,13.6,14.4,13.875,,,2011 BL.xslx
20,20037,15/09/2011,,300-PG-20037-03C03,300-PG-20037-03C03-M4-1,300,03C03,14.3,14,Straight,,Adjacent Weld,Radial,13.7,13.9,14.6,13.5,13.925,,,2011 BL.xslx
20,20037,15/09/2011,,300-PG-20037-03C03,300-PG-20037-03C03-M4-1,300,03C03,14.3,15,Elbow,,Adjacent Weld,Radial,17.3,17.2,18,17.7,17.55,,,2011 BL.xslx
20,20037,15/09/2011,,300-PG-20037-03C03,300-PG-20037-03C03-M4-1,300,03C03,14.3,16,Elbow,,Outside of Bend,Point,NR,NR,18.3,NR,18.3,18,,2011 BL.xslx
20,20037,15/09/2011,,300-PG-20037-03C03,300-PG-20037-03C03-M4-1,300,03C03,14.3,17,Elbow,,Outside of Bend,Point,NR,NR,17.9,NR,17.9,18,,2011 BL.xslx
20,20037,15/09/2011,,300-PG-20037-03C03,300-PG-20037-03C03-M4-1,300,03C03,14.3,18,Elbow,,Outside of Bend,Point,NR,NR,18.3,NR,18.3,18,,2011 BL.xslx
20,20037,15/09/2011,,300-PG-20037-03C03,300-PG-20037-03C03-M4-1,300,03C03,14.3,19,Elbow,,Adjacent Weld,Radial,17.3,16.9,17.9,18.3,17.6,,,2011 BL.xslx
20,20037,15/09/2011,,300-PG-20037-03C03,300-PG-20037-03C03-M4-1,300,03C03,14.3,20,Straight,,Adjacent Weld,Radial,13.3,13.6,13.8,14.2,13.725,,,2011 BL.xslx
20,20050,15/09/2011,,150-PL-20050-01C02-P,150-PL-20050-01C02-P-M1,150,01C02,7.1,1,Elbow,,Adjacent Weld,Radial,7.9,7.4,7.8,8.8,7.975,,,2011 BL.xslx
20,20050,15/09/2011,,150-PL-20050-01C02-P,150-PL-20050-01C02-P-M1,150,01C02,7.1,2,Elbow,,Outside of Bend,Point,NR,NR,7.2,NR,7.2,7.2,,2011 BL.xslx
20,20050,15/09/2011,,150-PL-20050-01C02-P,150-PL-20050-01C02-P-M1,150,01C02,7.1,3,Elbow,,Adjacent Weld,Radial,7.8,7.4,7.4,8,7.65,,,2011 BL.xslx
20,20050,15/09/2011,,150-PL-20050-01C02-P,150-PL-20050-01C02-P-M1,150,01C02,7.1,4,Straight,,Adjacent Weld,Radial,6.9,7.1,7.4,7.5,7.225,,,2011 BL.xslx
23,23001,15/09/2011,,300-PG-23001-03C03,300-PG-23001-03C03-M4-1,300,03C03,14.3,1,Elbow,,Adjacent To Weld,Radial,17.9,17.8,17.8,16.8,17.575,,,2011 BL.xslx
23,23001,15/09/2011,,300-PG-23001-03C03,300-PG-23001-03C03-M4-1,300,03C03,14.3,2,Elbow,,Outside of Bend,Point,NR,NR,18,NR,18,18,,2011 BL.xslx
23,23001,15/09/2011,,300-PG-23001-03C03,300-PG-23001-03C03-M4-1,300,03C03,14.3,3,Elbow,,Outside of Bend,Point,NR,NR,18.3,NR,18.3,18,,2011 BL.xslx
23,23001,15/09/2011,,300-PG-23001-03C03,300-PG-23001-03C03-M4-1,300,03C03,14.3,4,Elbow,,Outside of Bend,Point,NR,NR,18.2,NR,18.2,18,,2011 BL.xslx
23,23001,15/09/2011,,300-PG-23001-03C03,300-PG-23001-03C03-M4-1,300,03C03,14.3,5,Elbow,,Adjacent To Weld,Radial,16.5,17,18.4,17.4,17.325,,,2011 BL.xslx
23,23001,15/09/2011,,300-PG-23001-03C03,300-PG-23001-03C03-M4-1,300,03C03,14.3,6,Straight,,Adjacent To Weld,Radial,14.1,14.1,13.4,14.5,14.025,,,2011 BL.xslx
23,23001,15/09/2011,,300-PG-23001-03C03,300-PG-23001-03C03-M4-1,300,03C03,14.3,7,Straight,,Adjacent To Weld,Radial,15,15.1,15.1,15.1,15.075,,,2011 BL.xslx
23,23001,15/09/2011,,300-PG-23001-03C03,300-PG-23001-03C03-M4-2,300,03C03,14.3,8,Elbow,,Adjacent To Weld,Radial,18.1,17.7,17,17.4,17.55,,,2011 BL.xslx
23,23001,15/09/2011,,300-PG-23001-03C03,300-PG-23001-03C03-M4-2,300,03C03,14.3,9,Elbow,,Outside of Bend,Point,NR,NR,NR,17.6,17.6,17.5,,2011 BL.xslx
23,23001,15/09/2011,,300-PG-23001-03C03,300-PG-23001-03C03-M4-2,300,03C03,14.3,10,Elbow,,Outside of Bend,Point,NR,NR,NR,17.8,17.8,17.5,,2011 BL.xslx
23,23001,15/09/2011,,300-PG-23001-03C03,300-PG-23001-03C03-M4-2,300,03C03,14.3,11,Elbow,,Outside of Bend,Point,NR,NR,NR,17.5,17.5,17.5,,2011 BL.xslx
23,23001,15/09/2011,,300-PG-23001-03C03,300-PG-23001-03C03-M4-2,300,03C03,14.3,12,Elbow,,Adjacent To Weld,Radial,18.1,18,17.8,17.5,17.85,,,2011 BL.xslx
23,23001,15/09/2011,,300-PG-23001-03C03,300-PG-23001-03C03-M4-2,300,03C03,14.3,13,Straight,,Adjacent To Weld,Radial,14.5,13.3,13.1,13.9,13.7,,,2011 BL.xslx
23,23001,15/09/2011,,300-PG-23001-03C03,300-PG-23001-03C03-M4-2,300,03C03,14.3,14,Straight,,Adjacent To Weld,Radial,14.9,13.2,13.4,13.4,13.725,,,2011 BL.xslx
23,23001,15/09/2011,,300-PG-23001-03C03,300-PG-23001-03C03-M4-2,300,03C03,14.3,15,Elbow,,Adjacent To Weld,Radial,17.9,17,15.9,16.7,16.875,,,2011 BL.xslx
23,23001,15/09/2011,,300-PG-23001-03C03,300-PG-23001-03C03-M4-2,300,03C03,14.3,16,Elbow,,Outside of Bend,Point,18,NR,NR,NR,18,17.6,,2011 BL.xslx
23,23001,15/09/2011,,300-PG-23001-03C03,300-PG-23001-03C03-M4-2,300,03C03,14.3,17,Elbow,,Outside of Bend,Point,18.4,NR,NR,NR,18.4,17.6,,2011 BL.xslx
23,23001,15/09/2011,,300-PG-23001-03C03,300-PG-23001-03C03-M4-2,300,03C03,14.3,18,Elbow,,Outside of Bend,Point,17.9,NR,NR,NR,17.9,17.6,,2011 BL.xslx
23,23001,15/09/2011,,300-PG-23001-03C03,300-PG-23001-03C03-M4-2,300,03C03,14.3,19,Elbow,,Adjacent To Weld,Radial,18.1,17.5,16.1,17.1,17.2,,,2011 BL.xslx
23,23001,15/09/2011,,300-PG-23001-03C03,300-PG-23001-03C03-M4-2,300,03C03,14.3,20,Straight,,Adjacent To Weld,Radial,16.9,16.3,16.8,16.9,16.725,,,2011 BL.xslx
23,23001,15/09/2011,,300-PG-23001-03C03,300-PG-23001-03C03-M4-3,300,03C03,14.3,21,Elbow,,Adjacent To Weld,Radial,19.1,18.7,19.2,18.7,18.925,,,2011 BL.xslx
23,23001,15/09/2011,,300-PG-23001-03C03,300-PG-23001-03C03-M4-3,300,03C03,14.3,22,Elbow,,Outside of Bend,Point,NR,NR,18.8,NR,18.8,19.1,,2011 BL.xslx
23,23001,15/09/2011,,300-PG-23001-03C03,300-PG-23001-03C03-M4-3,300,03C03,14.3,23,Elbow,,Outside of Bend,Point,NR,NR,19.6,NR,19.6,19.1,,2011 BL.xslx
23,23001,15/09/2011,,300-PG-23001-03C03,300-PG-23001-03C03-M4-3,300,03C03,14.3,24,Elbow,,Outside of Bend,Point,NR,NR,19.5,NR,19.5,19.1,,2011 BL.xslx
23,23001,15/09/2011,,300-PG-23001-03C03,300-PG-23001-03C03-M4-3,300,03C03,14.3,25,Elbow,,Adjacent To Weld,Radial,20,19.3,19.7,19.3,19.575,,,2011 BL.xslx
23,23001,15/09/2011,,300-PG-23001-03C03,300-PG-23001-03C03-M4-3,300,03C03,14.3,26,Straight,,Adjacent To Weld,Radial,16.4,15.3,15.9,15.1,15.675,,,2011 BL.xslx
23,23001,15/09/2011,,300-PG-23001-03C03,300-PG-23001-03C03-M4-3,300,03C03,14.3,27,Straight,,Adjacent To Weld,Radial,14.3,14,13.6,12.9,13.7,,,2011 BL.xslx
23,23001,15/09/2011,,300-PG-23001-03C03,300-PG-23001-03C03-M4-3,300,03C03,14.3,28,Elbow,,Adjacent To Weld,Radial,16.2,16.7,18.1,17.5,17.125,,,2011 BL.xslx
23,23001,15/09/2011,,300-PG-23001-03C03,300-PG-23001-03C03-M4-3,300,03C03,14.3,29,Elbow,,Outside of Bend,Point,NR,NR,17.9,NR,17.9,17.7,,2011 BL.xslx
23,23001,15/09/2011,,300-PG-23001-03C03,300-PG-23001-03C03-M4-3,300,03C03,14.3,30,Elbow,,Outside of Bend,Point,NR,NR,17.9,NR,17.9,17.7,,2011 BL.xslx
23,23001,15/09/2011,,300-PG-23001-03C03,300-PG-23001-03C03-M4-3,300,03C03,14.3,31,Elbow,,Outside of Bend,Point,NR,NR,17.7,NR,17.7,17.7,,2011 BL.xslx
23,23001,15/09/2011,,300-PG-23001-03C03,300-PG-23001-03C03-M4-3,300,03C03,14.3,32,Elbow,,Adjacent To Weld,Radial,16.3,16.4,17.6,17.1,16.85,,,2011 BL.xslx
23,23001,15/09/2011,,300-PG-23001-03C03,300-PG-23001-03C03-M4-3,300,03C03,14.3,33,Straight,,Adjacent To Weld,Radial,13.9,12.9,15,13.8,13.9,,,2011 BL.xslx
23,23007,16/09/2011,,200-PG-23007-09C03,200-PG-23007-09C03-M4-1,200,09C03,20.6,1,Straight,,Adjacent To Weld,N/A,N/A,N/A,N/A,N/A,,,Personnel protective cages ,2011 BL.xslx
23,23007,16/09/2011,,200-PG-23007-09C03,200-PG-23007-09C03-M4-1,200,09C03,20.6,2,Elbow,,Outside of Bend,N/A,N/A,N/A,N/A,N/A,,,Personnel protective cages ,2011 BL.xslx
23,23007,16/09/2011,,200-PG-23007-09C03,200-PG-23007-09C03-M4-1,200,09C03,20.6,3,NR,,Outside of Bend,N/A,N/A,N/A,N/A,N/A,,,Personnel protective cages ,2011 BL.xslx
23,23007,16/09/2011,,200-PG-23007-09C03,200-PG-23007-09C03-M4-1,200,09C03,20.6,4,NR,,Outside of Bend,N/A,N/A,N/A,N/A,N/A,,,Personnel protective cages ,2011 BL.xslx
23,23007,16/09/2011,,200-PG-23007-09C03,200-PG-23007-09C03-M4-1,200,09C03,20.6,5,Straight,,Adjacent To Weld,N/A,N/A,N/A,N/A,N/A,,,Personnel protective cages ,2011 BL.xslx
23,23007,16/09/2011,,200-PG-23007-09C03,200-PG-23007-09C03-M4-1,200,09C03,20.6,6,Elbow,,Adjacent To Weld,N/A,N/A,N/A,N/A,N/A,,,Personnel protective cages ,2011 BL.xslx
23,23007,16/09/2011,,200-PG-23007-09C03,200-PG-23007-09C03-M4-1,200,09C03,20.6,7,Elbow,,Adjacent To Weld,N/A,N/A,N/A,N/A,N/A,,,Personnel protective cages ,2011 BL.xslx
23,23007,16/09/2011,,200-PG-23007-09C03,200-PG-23007-09C03-M4-1,200,09C03,20.6,8,Elbow,,Outside of Bend,N/A,N/A,N/A,N/A,N/A,,,Personnel protective cages ,2011 BL.xslx
23,23007,16/09/2011,,200-PG-23007-09C03,200-PG-23007-09C03-M4-1,200,09C03,20.6,9,Elbow,,Outside of Bend,N/A,N/A,N/A,N/A,N/A,,,Personnel protective cages ,2011 BL.xslx
23,23007,16/09/2011,,200-PG-23007-09C03,200-PG-23007-09C03-M4-1,200,09C03,20.6,10,Elbow,,Outside of Bend,N/A,N/A,N/A,N/A,N/A,,,Personnel protective cages ,2011 BL.xslx
23,23007,16/09/2011,,200-PG-23007-09C03,200-PG-23007-09C03-M4-1,200,09C03,20.6,11,Elbow,,Adjacent To Weld,N/A,N/A,N/A,N/A,N/A,,,,2011 BL.xslx
23,23007,16/09/2011,,200-PG-23007-09C03,200-PG-23007-09C03-M4-1,200,09C03,20.6,12,Straight,,Adjacent To Weld,Radial,19.9,21,21.3,19.9,20.525,,Original baseline looks like it was done on the Elbow section,2011 BL.xslx
23,23007,16/09/2011,,200-PG-23007-09C03,200-PG-23007-09C03-M4-1,200,09C03,20.6,13,Elbow,,Adjacent To Weld,Radial,24.7,23.9,23.4,22.8,23.7,,Change in feature type,2011 BL.xslx
23,23007,16/09/2011,,200-PG-23007-09C03,200-PG-23007-09C03-M4-1,200,09C03,20.6,14,Elbow,,Outside of Bend,Point,NR,NR,23.2,NR,23.2,22.9,,2011 BL.xslx
23,23007,16/09/2011,,200-PG-23007-09C03,200-PG-23007-09C03-M4-1,200,09C03,20.6,15,Elbow,,Outside of Bend,Point,NR,NR,23.2,NR,23.2,22.9,,2011 BL.xslx
23,23007,16/09/2011,,200-PG-23007-09C03,200-PG-23007-09C03-M4-1,200,09C03,20.6,16,Elbow,,Outside of Bend,Point,NR,NR,23.3,NR,23.3,,Change in feature type,2011 BL.xslx
23,23007,16/09/2011,,200-PG-23007-09C03,200-PG-23007-09C03-M4-1,200,09C03,20.6,17,Elbow,,Adjacent To Weld,Radial,24.4,24.2,23.1,22.8,23.625,,,2011 BL.xslx
23,23007,16/09/2011,,200-PG-23007-09C03,200-PG-23007-09C03-M4-1,200,09C03,20.6,18,Straight,,Adjacent To Weld,Radial,19.9,19.9,19.8,19.9,19.875,,,2011 BL.xslx
23,23007,16/09/2011,,200-PG-23007-09C03,200-PG-23007-09C03-M4-2,200,09C03,20.6,19,Elbow,,Adjacent To Weld,Radial,23.4,23.8,22.5,22.2,22.975,,,2011 BL.xslx
23,23007,16/09/2011,,200-PG-23007-09C03,200-PG-23007-09C03-M4-2,200,09C03,20.6,20,Elbow,,Outside of Bend,Point,NR,NR,NR,21.5,21.5,19.9,,2011 BL.xslx
23,23007,16/09/2011,,200-PG-23007-09C03,200-PG-23007-09C03-M4-2,200,09C03,20.6,21,Elbow,,Outside of Bend,Point,NR,NR,NR,21.9,21.9,19.9,,2011 BL.xslx
23,23007,16/09/2011,,200-PG-23007-09C03,200-PG-23007-09C03-M4-2,200,09C03,20.6,22,Elbow,,Outside of Bend,Point,NR,NR,NR,22.2,22.2,19.9,,2011 BL.xslx
23,23007,16/09/2011,,200-PG-23007-09C03,200-PG-23007-09C03-M4-2,200,09C03,20.6,23,Elbow,,Adjacent To Weld,Radial,23.4,24.4,23.4,22.8,23.5,,,2011 BL.xslx
23,23007,16/09/2011,,200-PG-23007-09C03,200-PG-23007-09C03-M4-2,200,09C03,20.6,24,Straight,,Adjacent To Weld,Radial,20,19.9,20,19.8,19.925,,,2011 BL.xslx
23,23007,16/09/2011,,200-PG-23007-09C03,200-PG-23007-09C03-M4-2,200,09C03,20.6,25,Straight,,Adjacent To Weld,Radial,19.5,19.9,20.9,20.7,20.25,,,2011 BL.xslx
23,23007,17/09/2011,,200-PG-23007-09C03,200-PG-23007-09C03-M4-2,200,09C03,20.6,26,Elbow,,Adjacent To Weld,Radial,23.5,24.6,23.8,25,24.225,,,2011 BL.xslx
23,23007,17/09/2011,,200-PG-23007-09C03,200-PG-23007-09C03-M4-2,200,09C03,20.6,27,Elbow,,Outside of Bend,Point,NR,NR,NR,25.2,25.2,23.6,,2011 BL.xslx
23,23007,17/09/2011,,200-PG-23007-09C03,200-PG-23007-09C03-M4-2,200,09C03,20.6,28,Elbow,,Outside of Bend,Point,NR,NR,NR,24.3,24.3,23.6,,2011 BL.xslx
23,23007,17/09/2011,,200-PG-23007-09C03,200-PG-23007-09C03-M4-2,200,09C03,20.6,29,Elbow,,Outside of Bend,Point,NR,NR,NR,24,24,23.6,,2011 BL.xslx
23,23007,17/09/2011,,200-PG-23007-09C03,200-PG-23007-09C03-M4-2,200,09C03,20.6,30,Elbow,,Adjacent To Weld,Radial,23.4,23.9,23,24.2,23.625,,,2011 BL.xslx
23,23007,17/09/2011,,200-PG-23007-09C03,200-PG-23007-09C03-M4-2,200,09C03,20.6,31,Straight,,Adjacent To Weld,Radial,20.9,19.9,19.6,20,20.1,,,2011 BL.xslx
23,23007,17/09/2011,,200-PG-23007-09C03,200-PG-23007-09C03-M4-2,200,09C03,20.6,32,Straight,,Adjacent To Weld,Radial,19.9,20,19.7,19.9,19.875,,,2011 BL.xslx
23,23007,17/09/2011,,200-PG-23007-09C03,200-PG-23007-09C03-M4-2,200,09C03,20.6,33,Elbow,,Adjacent To Weld,Radial,24.5,21.5,23.3,23,23.075,,,2011 BL.xslx
23,23007,17/09/2011,,200-PG-23007-09C03,200-PG-23007-09C03-M4-2,200,09C03,20.6,34,Elbow,,Outside of Bend,Point,24.7,NR,NR,NR,24.7,19.9,,2011 BL.xslx
23,23007,17/09/2011,,200-PG-23007-09C03,200-PG-23007-09C03-M4-2,200,09C03,20.6,35,Elbow,,Outside of Bend,Point,24.9,NR,NR,NR,24.9,19.9,,2011 BL.xslx
23,23007,17/09/2011,,200-PG-23007-09C03,200-PG-23007-09C03-M4-2,200,09C03,20.6,36,Elbow,,Outside of Bend,Point,24.8,NR,NR,NR,24.8,19.9,,2011 BL.xslx
23,23007,17/09/2011,,200-PG-23007-09C03,200-PG-23007-09C03-M4-2,200,09C03,20.6,37,Elbow,,Adjacent To Weld,Radial,24.7,23.1,24.5,21.5,23.45,,,2011 BL.xslx
23,23007,17/09/2011,,200-PG-23007-09C03,200-PG-23007-09C03-M4-2,200,09C03,20.6,38,Straight,,Adjacent To Weld,N/A,N/A,N/A,N/A,N/A,,,Personnel protective cages ,2011 BL.xslx
23,23009,17/09/2011,,200-PG-23009-09C02,200-PG-23009-09C02-M9,200,09C02,18.3,1,Straight,,Adjacent To Weld,Radial,17.7,18.4,19.1,18.3,18.375,,,2011 BL.xslx
23,23009,17/09/2011,,200-PG-23009-09C02,200-PG-23009-09C02-M9,200,09C02,18.3,2,Elbow,,Adjacent To Weld,Radial,18.8,19,19.3,19.1,19.05,,,2011 BL.xslx
23,23009,17/09/2011,,200-PG-23009-09C02,200-PG-23009-09C02-M9,200,09C02,18.3,3,Elbow,,Outside of Bend,Point,NR,NR,NR,18.7,18.7,18.2,,2011 BL.xslx
23,23009,17/09/2011,,200-PG-23009-09C02,200-PG-23009-09C02-M9,200,09C02,18.3,4,Elbow,,Outside of Bend,Point,NR,NR,NR,18.3,18.3,18.2,,2011 BL.xslx
23,23009,17/09/2011,,200-PG-23009-09C02,200-PG-23009-09C02-M9,200,09C02,18.3,5,Elbow,,Outside of Bend,Point,NR,NR,NR,18.2,18.2,18.2,,2011 BL.xslx
23,23009,17/09/2011,,200-PG-23009-09C02,200-PG-23009-09C02-M9,200,09C02,18.3,6,Elbow,,Adjacent To Weld,Radial,18.4,18.8,18.4,18.3,18.475,,,2011 BL.xslx
23,23009,17/09/2011,,200-PG-23009-09C02,200-PG-23009-09C02-M9,200,09C02,18.3,7,Straight,,Adjacent To Weld,Radial,19.1,17.9,17.8,19.5,18.575,,,2011 BL.xslx
23,23010,18/09/2011,,150-PG-23010-25C02-P,150-PG-23010-25C02-P-M4-3,150,25C02,21.9,1,Elbow,,Adjacent To Weld,Radial,21.6,21.5,21.8,21.5,21.6,,,2011 BL.xslx
23,23010,18/09/2011,,150-PG-23010-25C02-P,150-PG-23010-25C02-P-M4-3,150,25C02,21.9,2,Elbow,,Adjacent To Weld,Radial,21.9,19.9,21.5,22.1,21.35,,Rechecked 24/09/11,2011 BL.xslx
23,23010,18/09/2011,,150-PG-23010-25C02-P,150-PG-23010-25C02-P-M4-3,150,25C02,21.9,3,Elbow,,Outside of Bend,Point,NR,NR,NR,21,21,19.9,,2011 BL.xslx
23,23010,18/09/2011,,150-PG-23010-25C02-P,150-PG-23010-25C02-P-M4-3,150,25C02,21.9,4,Elbow,,Outside of Bend,Point,NR,NR,NR,20.3,20.3,19.9,,2011 BL.xslx
23,23010,18/09/2011,,150-PG-23010-25C02-P,150-PG-23010-25C02-P-M4-3,150,25C02,21.9,5,Elbow,,Outside of Bend,Point,NR,NR,NR,19.9,19.9,19.9,Rechecked 24/09/11,2011 BL.xslx
23,23010,18/09/2011,,150-PG-23010-25C02-P,150-PG-23010-25C02-P-M4-3,150,25C02,21.9,6,Straight,,Adjacent To Weld,Radial,22.1,22,22.7,19.9,21.675,,Rechecked 24/09/11,2011 BL.xslx
23,23010,18/09/2011,,150-PG-23010-25C02-P,150-PG-23010-25C02-P-M4-3,150,25C02,21.9,7,Straight,,Adjacent To Weld,Radial,21.5,21.7,21.4,21.4,21.5,,,2011 BL.xslx
23,23010,18/09/2011,,150-PG-23010-25C02-P,150-PG-23010-25C02-P-M4-3,150,25C02,21.9,8,Elbow,,Adjacent To Weld,Radial,21.5,21.7,21.4,21.4,21.5,,,2011 BL.xslx
23,23010,18/09/2011,,150-PG-23010-25C02-P,150-PG-23010-25C02-P-M4-3,150,25C02,21.9,9,Elbow,,Adjacent To Weld,Radial,21.5,21.7,21.4,21.4,21.5,,,2011 BL.xslx
23,23010,18/09/2011,,150-PG-23010-25C02-P,150-PG-23010-25C02-P-M4-3,150,25C02,21.9,10,Elbow,,Outside of Bend,Point,NR,19.6,NR,NR,19.6,19.6,Rechecked 24/09/11,2011 BL.xslx
23,23010,18/09/2011,,150-PG-23010-25C02-P,150-PG-23010-25C02-P-M4-3,150,25C02,21.9,11,Elbow,,Outside of Bend,Point,NR,19.9,NR,NR,19.9,19.6,Rechecked 24/09/11,2011 BL.xslx
23,23010,18/09/2011,,150-PG-23010-25C02-P,150-PG-23010-25C02-P-M4-3,150,25C02,21.9,12,Elbow,,Outside of Bend,Point,NR,22.6,NR,NR,22.6,19.6,,2011 BL.xslx
23,23010,18/09/2011,,150-PG-23010-25C02-P,150-PG-23010-25C02-P-M4-3,150,25C02,21.9,13,Straight,,Adjacent To Weld,Radial,21.3,22.1,19.9,20,20.825,,Rechecked 24/09/11,2011 BL.xslx
23,23010,18/09/2011,,150-PG-23010-25C02-P,150-PG-23010-25C02-P-M4-3,150,25C02,21.9,14,Straight,,Adjacent To Weld,Radial,22.5,21.5,21.6,21.4,21.75,,,2011 BL.xslx
23,23010,18/09/2011,,150-PG-23010-25C02-P,150-PG-23010-25C02-P-M4-3,150,25C02,21.9,15,Straight,,Adjacent To Weld,Radial,22.7,22.7,22.3,21.9,22.4,,,2011 BL.xslx
23,23010,18/09/2011,,150-PG-23010-25C02-P,150-PG-23010-25C02-P-M4-3,150,25C02,21.9,16,Elbow,,Adjacent To Weld,Radial,21.5,19.9,20.9,19.4,20.425,,Rechecked 24/09/11,2011 BL.xslx
23,23010,18/09/2011,,150-PG-23010-25C02-P,150-PG-23010-25C02-P-M4-3,150,25C02,21.9,17,Elbow,,Outside of Bend,Point,NR,19.4,NR,NR,19.4,19.1,12.8% below NWT. Rechecked 24/09/11,2011 BL.xslx
23,23010,18/09/2011,,150-PG-23010-25C02-P,150-PG-23010-25C02-P-M4-3,150,25C02,21.9,18,Elbow,,Outside of Bend,Point,NR,19.3,NR,NR,19.3,19.1,12.8% below NWT. Rechecked 24/09/11,2011 BL.xslx
23,23010,18/09/2011,,150-PG-23010-25C02-P,150-PG-23010-25C02-P-M4-3,150,25C02,21.9,19,Elbow,,Outside of Bend,Point,NR,19.7,NR,NR,19.7,19.1,12.8% below NWT. Rechecked 24/09/11,2011 BL.xslx
23,23010,18/09/2011,,150-PG-23010-25C02-P,150-PG-23010-25C02-P-M4-3,150,25C02,21.9,20,Elbow,,Adjacent To Weld,Radial,20.8,19.9,22,21.3,21,,Rechecked 24/09/11,2011 BL.xslx
23,23010,18/09/2011,,150-PG-23010-25C02-P,150-PG-23010-25C02-P-M4-3,150,25C02,21.9,21,Straight,,Adjacent To Weld,Radial,21.9,21.5,21.3,21.5,21.55,,,2011 BL.xslx
23,23010,18/09/2011,,150-PG-23010-25C02-P,150-PG-23010-25C02-P-M4-3,150,25C02,21.9,22,Straight,,Adjacent To Weld,Radial,21.5,21.5,21.6,21.5,21.525,,,2011 BL.xslx
23,23010,18/09/2011,,150-PG-23010-25C02-P,150-PG-23010-25C02-P-M4-3,150,25C02,21.9,23,Elbow,,Adjacent To Weld,Radial,19.8,20,20.6,21,20.35,,Rechecked 24/09/11,2011 BL.xslx
23,23010,18/09/2011,,150-PG-23010-25C02-P,150-PG-23010-25C02-P-M4-3,150,25C02,21.9,24,Elbow,,Outside of Bend,Point,NR,NR,19.4,NR,19.4,19.2,Rechecked 24/09/11,2011 BL.xslx
23,23010,18/09/2011,,150-PG-23010-25C02-P,150-PG-23010-25C02-P-M4-3,150,25C02,21.9,25,Elbow,,Outside of Bend,Point,NR,NR,19.4,NR,19.4,19.2,Rechecked 24/09/11,2011 BL.xslx
23,23010,18/09/2011,,150-PG-23010-25C02-P,150-PG-23010-25C02-P-M4-3,150,25C02,21.9,26,Elbow,,Outside of Bend,Point,NR,NR,19.9,NR,19.9,19.2,Rechecked 24/09/11,2011 BL.xslx
23,23010,18/09/2011,,150-PG-23010-25C02-P,150-PG-23010-25C02-P-M4-3,150,25C02,21.9,27,Elbow,,Adjacent To Weld,Radial,20.9,22,19.2,21,20.775,,Rechecked 24/09/11,2011 BL.xslx
23,23010,18/09/2011,,150-PG-23010-25C02-P,150-PG-23010-25C02-P-M4-3,150,25C02,21.9,28,Straight,,Adjacent To Weld,Radial,21.5,22,21.6,21.4,21.625,,,2011 BL.xslx
23,23011,17/09/2011,,150-PG-23011-25C02,150-PG-23011-25C02-M4-1,150,25C02,21.9,1,Elbow,,Adjacent To Weld,Radial,21.6,21.5,19.9,18.6,20.4,,15.1% below NWT. Rechecked 24/09/11,2011 BL.xslx
23,23011,17/09/2011,,150-PG-23011-25C02,150-PG-23011-25C02-M4-1,150,25C02,21.9,2,Elbow,,Outside of Bend,Point,NR,NR,NR,19.9,19.9,19.3,Rechecked 24/09/11,2011 BL.xslx
23,23011,17/09/2011,,150-PG-23011-25C02,150-PG-23011-25C02-M4-1,150,25C02,21.9,3,Elbow,,Adjacent To Weld,Radial,21,21.2,19.7,20,20.475,,Rechecked 24/09/11,2011 BL.xslx
23,23011,17/09/2011,,150-PG-23011-25C02,150-PG-23011-25C02-M4-1,150,25C02,21.9,4,Straight,,Adjacent To Weld,Radial,22.5,21.8,22.3,22.9,22.375,,,2011 BL.xslx
23,23011,17/09/2011,,150-PG-23011-25C02,150-PG-23011-25C02-M4-2,150,25C02,21.9,5,Straight,,Adjacent To Weld,Radial,22.5,21.5,21.4,22,21.85,,,2011 BL.xslx
23,23011,17/09/2011,,150-PG-23011-25C02,150-PG-23011-25C02-M4-2,150,25C02,21.9,6,Elbow,,Adjacent To Weld,Radial,23.8,24,21.5,22.9,23.05,,,2011 BL.xslx
23,23011,17/09/2011,,150-PG-23011-25C02,150-PG-23011-25C02-M4-2,150,25C02,21.9,7,Elbow,,Outside of Bend,Point,NR,NR,NR,21.6,21.6,20.9,,2011 BL.xslx
23,23011,17/09/2011,,150-PG-23011-25C02,150-PG-23011-25C02-M4-2,150,25C02,21.9,8,Elbow,,Adjacent To Weld,Radial,23.3,23.4,22.4,22,22.775,,,2011 BL.xslx
23,23011,17/09/2011,,150-PG-23011-25C02,150-PG-23011-25C02-M4-3,150,25C02,21.9,9,Straight,,Adjacent To Weld,Radial,21.5,21.4,21.6,21.4,21.475,,,2011 BL.xslx
23,23011,17/09/2011,,150-PG-23011-25C02,150-PG-23011-25C02-M4-3,150,25C02,21.9,10,Elbow,,Adjacent To Weld,Radial,21.5,21.4,21.5,21.5,21.475,,,2011 BL.xslx
23,23011,17/09/2011,,150-PG-23011-25C02,150-PG-23011-25C02-M4-3,150,25C02,21.9,11,Elbow,,Outside of Bend,Point,NR,NR,NR,20.9,20.9,19.9,,2011 BL.xslx
23,23011,17/09/2011,,150-PG-23011-25C02,150-PG-23011-25C02-M4-3,150,25C02,21.9,12,Elbow,,Adjacent To Weld,Radial,23.5,22.4,22,23.4,22.825,,,2011 BL.xslx
23,23011,17/09/2011,,150-PG-23011-25C02,150-PG-23011-25C02-M4-3,150,25C02,21.9,13,Straight,,Adjacent To Weld,Radial,21.5,21.4,21,21.6,21.375,,,2011 BL.xslx
23,23011,17/09/2011,,150-PG-23011-25C02,150-PG-23011-25C02-M4-3,150,25C02,21.9,14,Straight,,Adjacent To Weld,Radial,22.1,21.2,21.1,22.2,21.65,,,2011 BL.xslx
23,23011,17/09/2011,,150-PG-23011-25C02,150-PG-23011-25C02-M4-3,150,25C02,21.9,15,Elbow,,Adjacent To Weld,Radial,24.3,21.4,23.8,21.5,22.75,,,2011 BL.xslx
23,23011,17/09/2011,,150-PG-23011-25C02,150-PG-23011-25C02-M4-3,150,25C02,21.9,16,Elbow,,Outside of Bend,Point,NR,NR,NR,21.5,21.5,21.5,,2011 BL.xslx
23,23011,17/09/2011,,150-PG-23011-25C02,150-PG-23011-25C02-M4-3,150,25C02,21.9,17,Elbow,,Adjacent To Weld,Radial,23.8,22.4,22.9,23.1,23.05,,,2011 BL.xslx
23,23011,17/09/2011,,150-PG-23011-25C02,150-PG-23011-25C02-M4-5,150,25C02,21.9,18,Elbow,,Adjacent To Weld,Radial,21.5,21.1,22.9,21.3,21.7,,,2011 BL.xslx
23,23011,17/09/2011,,150-PG-23011-25C02,150-PG-23011-25C02-M4-5,150,25C02,21.9,19,Elbow,,Outside of Bend,Point,21.4,NR,NR,NR,21.4,19.9,,2011 BL.xslx
23,23011,17/09/2011,,150-PG-23011-25C02,150-PG-23011-25C02-M4-5,150,25C02,21.9,20,Elbow,,Adjacent To Weld,Radial,20.4,21.4,22.1,21.5,21.35,,,2011 BL.xslx
23,23011,17/09/2011,,150-PG-23011-25C02,150-PG-23011-25C02-M4-5,150,25C02,21.9,21,Straight,,Adjacent To Weld,Radial,21.6,21.6,21.7,21.9,21.7,,,2011 BL.xslx
23,23011,17/09/2011,,150-PG-23011-25C02,150-PG-23011-25C02-M4-5,150,25C02,21.9,22,Straight,,Adjacent To Weld,Radial,22,22,21.5,21.7,21.8,,,2011 BL.xslx
23,23011,17/09/2011,,150-PG-23011-25C02,150-PG-23011-25C02-M4-5,150,25C02,21.9,23,Elbow,,Adjacent To Weld,Radial,21.8,19.7,21.5,19.9,20.725,,Rechecked 24/09/11,2011 BL.xslx
23,23011,17/09/2011,,150-PG-23011-25C02,150-PG-23011-25C02-M4-5,150,25C02,21.9,24,Elbow,,Outside of Bend,Point,NR,19.5,NR,NR,19.5,19.3,Rechecked 24/09/11,2011 BL.xslx
23,23011,17/09/2011,,150-PG-23011-25C02,150-PG-23011-25C02-M4-5,150,25C02,21.9,25,Elbow,,Adjacent To Weld,Radial,21.6,19.3,22,21.1,21,,Rechecked 24/09/11,2011 BL.xslx
23,23011,17/09/2011,,150-PG-23011-25C02,150-PG-23011-25C02-M4-5,150,25C02,21.9,26,Straight,,Adjacent To Weld,Radial,22.2,22.4,22,22.1,22.175,,,2011 BL.xslx
23,23011,17/09/2011,,150-PG-23011-25C02,150-PG-23011-25C02-M4-5,150,25C02,21.9,27,Straight,,Adjacent To Weld,Radial,21.5,21.4,21.8,20.1,21.2,,,2011 BL.xslx
23,23011,17/09/2011,,150-PG-23011-25C02,150-PG-23011-25C02-M4-5,150,25C02,21.9,28,Elbow,,Adjacent To Weld,Radial,20.9,21.4,25.4,21.4,22.275,,,2011 BL.xslx
23,23011,17/09/2011,,150-PG-23011-25C02,150-PG-23011-25C02-M4-5,150,25C02,21.9,29,Elbow,,Outside of Bend,Point,22.1,NR,NR,NR,22.1,20.9,,2011 BL.xslx
23,23011,17/09/2011,,150-PG-23011-25C02,150-PG-23011-25C02-M4-5,150,25C02,21.9,30,Elbow,,Adjacent To Weld,Radial,22.8,23.1,25.4,23.3,23.65,,,2011 BL.xslx
23,23011,17/09/2011,,150-PG-23011-25C02,150-PG-23011-25C02-M4-5,150,25C02,21.9,31,Straight,,Adjacent To Weld,Radial,22.1,22.1,22.2,22.3,22.175,,,2011 BL.xslx
23,23011,17/09/2011,,150-PG-23011-25C02,150-PG-23011-25C02-M4-6,150,25C02,21.9,32,Straight,,Adjacent To Weld,Radial,22.1,22,20.9,21.2,21.55,,,2011 BL.xslx
23,23011,17/09/2011,,150-PG-23011-25C02,150-PG-23011-25C02-M4-6,150,25C02,21.9,33,Elbow,,Adjacent To Weld,Radial,24.4,22.8,22.4,24.9,23.625,,,2011 BL.xslx
23,23011,17/09/2011,,150-PG-23011-25C02,150-PG-23011-25C02-M4-6,150,25C02,21.9,34,Elbow,,Outside of Bend,Point,NR,21.4,NR,NR,21.4,21.3,,2011 BL.xslx
23,23011,17/09/2011,,150-PG-23011-25C02,150-PG-23011-25C02-M4-6,150,25C02,21.9,35,Elbow,,Adjacent To Weld,Radial,23.3,21.6,22.9,24,22.95,,,2011 BL.xslx
23,23011,17/09/2011,,150-PG-23011-25C02,150-PG-23011-25C02-M4-6,150,25C02,21.9,36,Straight,,Adjacent To Weld,Radial,19.9,21.5,21.6,21.6,21.15,,Rechecked 24/09/11,2011 BL.xslx
23,23011,17/09/2011,,150-PG-23011-25C02,150-PG-23011-25C02-M4-7,100,25C02,17.1,37,Straight,,Adjacent To Weld,Radial,16,15.9,15.9,15.7,15.875,,,2011 BL.xslx
23,23011,17/09/2011,,150-PG-23011-25C02,150-PG-23011-25C02-M4-7,100,25C02,17.1,38,Elbow,,Adjacent To Weld,Radial,16.7,19,19.5,18.1,18.325,,,2011 BL.xslx
23,23011,17/09/2011,,150-PG-23011-25C02,150-PG-23011-25C02-M4-7,100,25C02,17.1,39,Elbow,,Outside of Bend,Point,16.2,NR,NR,NR,16.2,16.2,,2011 BL.xslx
23,23011,17/09/2011,,150-PG-23011-25C02,150-PG-23011-25C02-M4-7,100,25C02,17.1,40,Elbow,,Adjacent To Weld,Radial,19.9,17.8,17.7,19.3,18.675,,,2011 BL.xslx
23,23011,17/09/2011,,150-PG-23011-25C02,150-PG-23011-25C02-M4-7,100,25C02,17.1,41,Straight,,Adjacent To Weld,Radial,15.8,15.9,15.9,15.9,15.875,,,2011 BL.xslx
23,23012,18/09/2011,,150-PG-23012-25CO2,150-PG-23012-25CO2-M4,150,25C02,22,1,Straight,,Adjacent To Weld,Radial,22.1,21.6,22,22.2,21.975,,,2011 BL.xslx
23,23012,18/09/2011,,150-PG-23012-25CO2,150-PG-23012-25CO2-M4,150,25C02,22,2,Elbow,,Adjacent To Weld,Radial,22,22.1,23.2,24.7,23,,,2011 BL.xslx
23,23012,18/09/2011,,150-PG-23012-25CO2,150-PG-23012-25CO2-M4,150,25C02,22,3,Elbow,,Outside of Bend,Point,NR,21.6,NR,NR,21.6,21.5,,2011 BL.xslx
23,23012,18/09/2011,,150-PG-23012-25CO2,150-PG-23012-25CO2-M4,150,25C02,22,4,Elbow,,Outside of Bend,Radial,22,21.5,22.2,22.4,22.025,,,2011 BL.xslx
23,23012,18/09/2011,,150-PG-23012-25CO2,150-PG-23012-25CO2-M4,150,25C02,22,5,Elbow,,Adjacent To Weld,Radial,23.7,23.6,22.9,23.9,23.525,,,2011 BL.xslx
23,23013,19/09/2011,,200-PG-23013-09C03,200-PG-23013-09C03-M4,200,09C03,20.6,1,Straight,,Adjacent To Weld,Radial,23.3,22.6,22.7,23.6,23.05,,,2011 BL.xslx
23,23013,19/09/2011,,200-PG-23013-09C03,200-PG-23013-09C03-M4,200,09C03,20.6,2,Elbow,,Adjacent To Weld,Radial,24.4,25.6,24.1,22.9,24.25,,,2011 BL.xslx
23,23013,19/09/2011,,200-PG-23013-09C03,200-PG-23013-09C03-M4,200,09C03,20.6,3,Elbow,,Outside of Bend,Point,24.5,NR,NR,NR,24.5,23.2,,2011 BL.xslx
23,23013,19/09/2011,,200-PG-23013-09C03,200-PG-23013-09C03-M4,200,09C03,20.6,4,Elbow,,Outside of Bend,Point,23.5,NR,NR,NR,23.5,23.2,,2011 BL.xslx
23,23013,19/09/2011,,200-PG-23013-09C03,200-PG-23013-09C03-M4,200,09C03,20.6,5,Elbow,,Outside of Bend,Point,23.8,NR,NR,NR,23.8,23.2,,2011 BL.xslx
23,23013,19/09/2011,,200-PG-23013-09C03,200-PG-23013-09C03-M4,200,09C03,20.6,6,Elbow,,Adjacent To Weld,Radial,23.8,23.9,22.8,22.1,23.15,,,2011 BL.xslx
23,23013,19/09/2011,,200-PG-23013-09C03,200-PG-23013-09C03-M4,200,09C03,20.6,7,Straight,,Adjacent To Weld,Radial,19.9,20.4,20.8,21.2,20.575,,,2011 BL.xslx
23,23013,19/09/2011,,200-PG-23013-09C03,200-PG-23013-09C03-M4,200,09C03,20.6,8,Elbow,,Adjacent To Weld,Radial,24,24.2,24.8,24.2,24.3,,,2011 BL.xslx
23,23013,19/09/2011,,200-PG-23013-09C03,200-PG-23013-09C03-M4,200,09C03,20.6,9,Elbow,,Outside of Bend,Point,NR,NR,24.8,NR,24.8,24.6,,2011 BL.xslx
23,23013,19/09/2011,,200-PG-23013-09C03,200-PG-23013-09C03-M4,200,09C03,20.6,10,Elbow,,Outside of Bend,Point,NR,NR,24.7,NR,24.7,24.6,,2011 BL.xslx
23,23013,19/09/2011,,200-PG-23013-09C03,200-PG-23013-09C03-M4,200,09C03,20.6,11,Elbow,,Outside of Bend,Point,NR,NR,24.9,NR,24.9,24.6,,2011 BL.xslx
23,23013,19/09/2011,,200-PG-23013-09C03,200-PG-23013-09C03-M4,200,09C03,20.6,12,Elbow,,Adjacent To Weld,Radial,24.7,24.1,25.2,23.6,24.4,,,2011 BL.xslx
23,23013,19/09/2011,,200-PG-23013-09C03,200-PG-23013-09C03-M4,200,09C03,20.6,13,Straight,,Adjacent To Weld,Radial,19.4,20.8,19.9,21,20.275,,,2011 BL.xslx
23,23014,18/09/2011,,200-PG-23014-09C03,200-PG-23014-09C03,200,09C03,20.6,1,Straight,,Adjacent To Weld,N/A,N/A,N/A,N/A,N/A,,,Personnel protective cages ,2011 BL.xslx
23,23014,18/09/2011,,200-PG-23014-09C03,200-PG-23014-09C03,200,09C03,20.6,2,Tee,,Adjacent To Weld,N/A,N/A,N/A,N/A,N/A,,,Personnel protective cages ,2011 BL.xslx
23,23014,18/09/2011,,200-PG-23014-09C03,200-PG-23014-09C03,200,09C03,20.6,3,Tee,,Body of Tee,N/A,N/A,N/A,N/A,N/A,,,Personnel protective cages ,2011 BL.xslx
23,23017,18/09/2011,,250-PG-23017-03C03,250-PG-23017-03C03-M4,250,03C03,12.7,1,Straight,,Adjacent To Weld,Radial,11.7,12.6,12.9,11.6,12.2,,,2011 BL.xslx
23,23017,18/09/2011,,250-PG-23017-03C03,250-PG-23017-03C03-M4,250,03C03,12.7,2,Elbow,,Adjacent To Weld,Radial,11.3,11.3,11.1,11.6,11.325,,12.6% Below NWT,2011 BL.xslx
23,23017,18/09/2011,,250-PG-23017-03C03,250-PG-23017-03C03-M4,250,03C03,12.7,3,Elbow,,Outside of Bend,Point,11,NR,NR,NR,11,10.7,15.7% below NWT. Below Spec (as per original baseline),2011 BL.xslx
23,23017,18/09/2011,,250-PG-23017-03C03,250-PG-23017-03C03-M4,250,03C03,12.7,4,Elbow,,Outside of Bend,Point,10.8,NR,NR,NR,10.8,10.7,15.7% below NWT. Below Spec (as per original baseline),2011 BL.xslx
23,23017,18/09/2011,,250-PG-23017-03C03,250-PG-23017-03C03-M4,250,03C03,12.7,5,Elbow,,Outside of Bend,Point,11,NR,NR,NR,11,10.7,15.7% below NWT. Below Spec (as per original baseline),2011 BL.xslx
23,23017,18/09/2011,,250-PG-23017-03C03,250-PG-23017-03C03-M4,250,03C03,12.7,6,Elbow,,Adjacent To Weld,Radial,11.2,11.5,11.6,12.5,11.7,,,2011 BL.xslx
23,23017,18/09/2011,,250-PG-23017-03C03,250-PG-23017-03C03-M4,250,03C03,12.7,7,Straight,,Adjacent To Weld,Radial,12.4,12.9,12.8,11.7,12.45,,,2011 BL.xslx
23,23018,17/09/2011,,200-PG-23018-09C03,200-PG-23018-09C03-M4,200,09C03,20.6,1,Straight,,Adjacent To Weld,Radial,20.8,20.9,20.1,19.6,20.35,,,2011 BL.xslx
23,23018,17/09/2011,,200-PG-23018-09C03,200-PG-23018-09C03-M4,200,09C03,20.6,2,Elbow,,Adjacent To Weld,Radial,22.9,23.9,24.6,24.6,24,,,2011 BL.xslx
23,23018,17/09/2011,,200-PG-23018-09C03,200-PG-23018-09C03-M4,200,09C03,20.6,3,Elbow,,Outside of Bend,Point,NR,24.3,NR,NR,24.3,24,,2011 BL.xslx
23,23018,17/09/2011,,200-PG-23018-09C03,200-PG-23018-09C03-M4,200,09C03,20.6,4,Elbow,,Adjacent To Weld,Radial,23.6,24.9,24.8,24.7,24.5,,,2011 BL.xslx
23,23018,17/09/2011,,200-PG-23018-09C03,200-PG-23018-09C03-M4,200,09C03,20.6,5,Straight,,Adjacent To Weld,Radial,20,19.5,19.9,21,20.1,,,2011 BL.xslx
23,23018,17/09/2011,,200-PG-23018-09C03,200-PG-23018-09C03-M4,200,09C03,20.6,6,Straight,,Adjacent To Weld,Radial,20.5,20.8,19.6,19.9,20.2,,,2011 BL.xslx
23,23018,17/09/2011,,200-PG-23018-09C03,200-PG-23018-09C03-M4,200,09C03,20.6,7,Elbow,,Adjacent To Weld,Radial,23.6,23.4,23.2,23.6,23.45,,,2011 BL.xslx
23,23018,17/09/2011,,200-PG-23018-09C03,200-PG-23018-09C03-M4,200,09C03,20.6,8,Elbow,,Outside of Bend,Point,23.7,NR,NR,NR,23.7,23.6,,2011 BL.xslx
23,23018,17/09/2011,,200-PG-23018-09C03,200-PG-23018-09C03-M4,200,09C03,20.6,9,Elbow,,Adjacent To Weld,Radial,23.7,23.5,24.7,24.1,24,,,2011 BL.xslx
23,23018,17/09/2011,,200-PG-23018-09C03,200-PG-23018-09C03-M4,200,09C03,20.6,10,Straight,,Adjacent To Weld,Radial,21,19.5,20,20.1,20.15,,,2011 BL.xslx
23,23029,17/09/2011,,150-PG-23029-25C04-P,150-PG-23029-25C04-P-M4-2,80,25C04,15.2,1,Straight,,Adjacent To Weld,Radial,14.9,14.9,15,15.3,15.025,,,2011 BL.xslx
23,23029,17/09/2011,,150-PG-23029-25C04-P,150-PG-23029-25C04-P-M4-2,80,25C04,15.2,2,Elbow,,Adjacent To Weld,Radial,17.7,18.9,20,18,18.65,,,2011 BL.xslx
23,23029,17/09/2011,,150-PG-23029-25C04-P,150-PG-23029-25C04-P-M4-2,80,25C04,15.2,3,Elbow,,Outside of Bend,Point,17.1,NR,NR,NR,17.1,17.1,,2011 BL.xslx
23,23029,17/09/2011,,150-PG-23029-25C04-P,150-PG-23029-25C04-P-M4-2,80,25C04,15.2,4,Elbow,,Adjacent To Weld,Radial,18.2,18.1,18.7,17.7,18.175,,,2011 BL.xslx
23,23029,17/09/2011,,150-PG-23029-25C04-P,150-PG-23029-25C04-P-M4-2,80,25C04,15.2,5,Straight,,Adjacent To Weld,Radial,14.6,14.6,14.9,14.5,14.65,,,2011 BL.xslx
23,23029,17/09/2011,,150-PG-23029-25C04-P,150-PG-23029-25C04-P-M4-2,80,25C04,15.2,6,Elbow,,Adjacent To Weld,Radial,16.2,16.8,16.2,15.2,16.1,,,2011 BL.xslx
23,23029,17/09/2011,,150-PG-23029-25C04-P,150-PG-23029-25C04-P-M4-2,80,25C04,15.2,7,Elbow,,Adjacent To Weld,Radial,17.9,18.4,20,18.3,18.65,,,2011 BL.xslx
23,23029,17/09/2011,,150-PG-23029-25C04-P,150-PG-23029-25C04-P-M4-2,80,25C04,15.2,8,Elbow,,Outside of Bend,Point,17.4,NR,NR,NR,17.4,17.3,,2011 BL.xslx
23,23029,17/09/2011,,150-PG-23029-25C04-P,150-PG-23029-25C04-P-M4-2,80,25C04,15.2,9,Elbow,,Adjacent To Weld,Point,18.6,NR,NR,NR,18.6,17.3,,2011 BL.xslx
23,23029,17/09/2011,,150-PG-23029-25C04-P,150-PG-23029-25C04-P-M4-2,80,25C04,15.2,10,Straight,,Adjacent To Weld,Radial,14,14.1,14.6,14.7,14.35,,,2011 BL.xslx
23,23037,17/09/2011,,150-PG-23037-25C02,150-PG-23037-25C02-M4,150,25C02,21.9,1,Straight,,Adjacent To Weld,Radial,21.5,22.2,22.1,21.5,21.825,,,2011 BL.xslx
23,23037,17/09/2011,,150-PG-23037-25C02,150-PG-23037-25C02-M4,150,25C02,21.9,2,Elbow,,Adjacent To Weld,Radial,23,21.4,23.9,22.5,22.7,,,2011 BL.xslx
23,23037,17/09/2011,,150-PG-23037-25C02,150-PG-23037-25C02-M4,150,25C02,21.9,3,Elbow,,Outside of Bend,Point,21.6,NR,NR,NR,21.6,21.5,,2011 BL.xslx
23,23037,17/09/2011,,150-PG-23037-25C02,150-PG-23037-25C02-M4,150,25C02,21.9,4,Elbow,,Adjacent To Weld,Radial,22.1,22.7,22.4,23.2,22.6,,,2011 BL.xslx
23,23037,17/09/2011,,150-PG-23037-25C02,150-PG-23037-25C02-M4,150,25C02,21.9,5,Straight,,Adjacent To Weld,Radial,22.2,21.5,21.5,21.2,21.6,,,2011 BL.xslx
23,23037,17/09/2011,,150-PG-23037-25C02,150-PG-23037-25C02-M4,150,25C02,21.9,6,Straight,,Adjacent To Weld,Radial,21.5,22,22.1,21.5,21.775,,,2011 BL.xslx
23,23037,17/09/2011,,150-PG-23037-25C02,150-PG-23037-25C02-M4,150,25C02,21.9,7,Elbow,,Adjacent To Weld,Radial,22.5,21.4,22.4,21.5,21.95,,,2011 BL.xslx
23,23037,17/09/2011,,150-PG-23037-25C02,150-PG-23037-25C02-M4,150,25C02,21.9,8,Elbow,,Outside of Bend,Point,NR,NR,21.5,NR,21.5,20.6,,2011 BL.xslx
23,23037,17/09/2011,,150-PG-23037-25C02,150-PG-23037-25C02-M4,150,25C02,21.9,9,Elbow,,Adjacent To Weld,Radial,23.2,22.1,23,21.5,22.45,,,2011 BL.xslx
23,23037,17/09/2011,,150-PG-23037-25C02,150-PG-23037-25C02-M4,150,25C02,21.9,10,Straight,,Adjacent To Weld,Radial,21.5,21.4,22.1,21.5,21.625,,,2011 BL.xslx
23-i,23506,19/09/2011,,150-PG-23506-25C02,150-PG-23506-25C02,150,25C02,22,1,Straight,,Adjacent Weld,Radial,21.5,21.4,21.3,21.5,21.425,,,2011 BL.xslx
23-i,23506,19/09/2011,,150-PG-23506-25C02,150-PG-23506-25C02,150,25C02,22,2,Elbow,,Adjacent Weld,Radial,23.4,24.5,24.4,24.6,24.225,,,2011 BL.xslx
23-i,23506,19/09/2011,,150-PG-23506-25C02,150-PG-23506-25C02,150,25C02,22,3,Elbow,,Outside of Elbow,Point,22.2,NR,NR,NR,22.2,21.5,,2011 BL.xslx
23-i,23506,19/09/2011,,150-PG-23506-25C02,150-PG-23506-25C02,150,25C02,22,4,Elbow,,Adjacent Weld,Radial,22.8,23.3,23.4,24.4,23.475,,,2011 BL.xslx
23-i,23506,19/09/2011,,150-PG-23506-25C02,150-PG-23506-25C02,150,25C02,22,5,Straight,,Adjacent Weld,Radial,22.3,21.1,,21.3,21.56666667,,Pipe support welded at 6 o'clock,2011 BL.xslx
23-i,23506,19/09/2011,,150-PG-23506-25C02,150-PG-23506-25C02,150,25C02,22,6,Straight,,Adjacent Weld,Radial,21.3,20.9,22,21.4,21.4,,,2011 BL.xslx
23-i,23506,19/09/2011,,150-PG-23506-25C02,150-PG-23506-25C02,150,25C02,22,7,Elbow,,Adjacent Weld,Radial,24.1,23.8,24.1,24.2,24.05,,,2011 BL.xslx
23-i,23506,19/09/2011,,150-PG-23506-25C02,150-PG-23506-25C02,150,25C02,22,8,Elbow,,Outside of Elbow,Point,NR,NR,22.9,NR,22.9,22.1,,2011 BL.xslx
23-i,23506,19/09/2011,,150-PG-23506-25C02,150-PG-23506-25C02,150,25C02,22,9,Elbow,,Adjacent Weld,Radial,24,23.2,23.2,23.9,23.575,,,2011 BL.xslx
23-i,23506,19/09/2011,,150-PG-23506-25C02,150-PG-23506-25C02,150,25C02,22,10,Straight,,Adjacent Weld,Radial,22.3,21.6,20.9,22.6,21.85,,,2011 BL.xslx
23-i,23506,19/09/2011,,150-PG-23506-25C02,150-PG-23506-25C02,150,25C02,22,11,Straight,,Adjacent Weld,Radial,21,21.6,22.1,21.3,21.5,,,2011 BL.xslx
23-i,23506,19/09/2011,,150-PG-23506-25C02,150-PG-23506-25C02,150,25C02,22,12,Elbow,,Adjacent Weld,Radial,20,21.3,20,20.9,20.55,,Rechecked 24/09/11,2011 BL.xslx
23-i,23506,19/09/2011,,150-PG-23506-25C02,150-PG-23506-25C02,150,25C02,22,13,Elbow,,Outside of Elbow,Point,NR,NR,NR,18.9,18.9,18.7,15% under NWT. Rechecked 24/09/11 - Below Spec as per orginal baseline,2011 BL.xslx
23-i,23506,19/09/2011,,150-PG-23506-25C02,150-PG-23506-25C02,150,25C02,22,14,Elbow,,Adjacent Weld,Radial,20.1,21.5,19.5,19.3,20.1,,Rechecked 24/09/11,2011 BL.xslx
23-i,23506,19/09/2011,,150-PG-23506-25C02,150-PG-23506-25C02,150,25C02,22,15,Straight,,Adjacent Weld,Radial,21.4,21.6,21.6,21.4,21.5,,,2011 BL.xslx
23-i,23506,19/09/2011,,150-PG-23506-25C02,150-PG-23506-25C02,150,25C02,22,16,Straight,,Adjacent Weld,Radial,21.4,21.4,21.8,21.1,21.425,,,2011 BL.xslx
23-i,23506,19/09/2011,,150-PG-23506-25C02,150-PG-23506-25C02,150,25C02,22,17,Elbow,,Adjacent Weld,Radial,21.6,20,20.1,20.9,20.65,,Rechecked 24/09/11,2011 BL.xslx
23-i,23506,19/09/2011,,150-PG-23506-25C02,150-PG-23506-25C02,150,25C02,22,18,Elbow,,Outside of Elbow,Point,NR,19.8,NR,NR,19.8,19.2,12.7% under NWT. Rechecked 24/09/11,2011 BL.xslx
23-i,23506,19/09/2011,,150-PG-23506-25C02,150-PG-23506-25C02,150,25C02,22,19,Elbow,,Adjacent Weld,Radial,20.9,20.3,21.3,21.4,20.975,,,2011 BL.xslx
23-i,23506,19/09/2011,,150-PG-23506-25C02,150-PG-23506-25C02,150,25C02,22,20,Straight,,Adjacent Weld,Radial,21.3,22.5,,20.9,21.56666667,,Pipe support welded at 6 o'clock,2011 BL.xslx
43,43003,15/09/2011,,200-FH-43003-01C02,200-FH-43003-01C02-M1,200,01C02,6.4,1,Straight,,Adjacent Weld,Radial,6.1,6.8,6.5,6.3,6.425,,,2011 BL.xslx
43,43003,15/09/2011,,200-FH-43003-01C02,200-FH-43003-01C02-M1,200,01C02,6.4,2,Elbow,,Adjacent Weld,Radial,7,6.9,7.1,7.1,7.025,,,2011 BL.xslx
43,43003,15/09/2011,,200-FH-43003-01C02,200-FH-43003-01C02-M1,200,01C02,6.4,3,Elbow,,Outside of Elbow,Point,NR,6.8,NR,NR,6.8,6.7,,2011 BL.xslx
43,43003,15/09/2011,,200-FH-43003-01C02,200-FH-43003-01C02-M1,200,01C02,6.4,4,Elbow,,Outside of Elbow,Point,NR,6.9,NR,NR,6.9,6.7,,2011 BL.xslx
43,43003,15/09/2011,,200-FH-43003-01C02,200-FH-43003-01C02-M1,200,01C02,6.4,5,Elbow,,Outside of Elbow,Point,NR,6.9,NR,NR,6.9,6.7,,2011 BL.xslx
43,43003,15/09/2011,,200-FH-43003-01C02,200-FH-43003-01C02-M1,200,01C02,6.4,6,Elbow,,Adjacent Weld,Radial,7.2,6.9,7,6.7,6.95,,,2011 BL.xslx
43,43003,15/09/2011,,200-FH-43003-01C02,200-FH-43003-01C02-M1,200,01C02,6.4,7,Straight,,Adjacent Weld,Radial,6.7,6.4,6.3,6.3,6.425,,,2011 BL.xslx
43,43026,19/09/2011,,150-FH-43026-01C02,150-FH-43026-01C02-M2-2,150,01C02,7.1,1,Straight,,Adjacent Weld,Radial,7,6.8,7.2,7.1,7.025,,,2011 BL.xslx
43,43026,19/09/2011,,150-FH-43026-01C02,150-FH-43026-01C02-M2-2,150,01C02,7.1,2,Elbow,,Adjacent Weld,Radial,7.2,7.3,7.7,7.1,7.325,,,2011 BL.xslx
43,43026,19/09/2011,,150-FH-43026-01C02,150-FH-43026-01C02-M2-2,150,01C02,7.1,3,Elbow,,Outside of Elbow,Point,NR,7.6,NR,NR,7.6,7.2,,2011 BL.xslx
43,43026,19/09/2011,,150-FH-43026-01C02,150-FH-43026-01C02-M2-2,150,01C02,7.1,4,Elbow,,Outside of Elbow,Point,NR,7.5,NR,NR,7.5,7.2,,2011 BL.xslx
43,43026,19/09/2011,,150-FH-43026-01C02,150-FH-43026-01C02-M2-2,150,01C02,7.1,5,Elbow,,Adjacent Weld,Radial,7.3,7.6,8.2,7.2,7.575,,,2011 BL.xslx
43,43026,19/09/2011,,150-FH-43026-01C02,150-FH-43026-01C02-M2-2,150,01C02,7.1,6,Straight,,Adjacent Weld,Radial,7.3,7,7,7.4,7.175,,,2011 BL.xslx
43,43027,19/09/2010,,150-FH-43027-01C02,150-FH-43027-01C02-M9,150,01C02,7.1,1,Straight,,Adjacent Weld,Radial,7.1,6.9,7,7.1,7.025,,,2011 BL.xslx
43,43027,19/09/2010,,150-FH-43027-01C02,150-FH-43027-01C02-M9,150,01C02,7.1,2,Straight,,Adjacent Weld,Radial,7.4,8.1,8.5,8.2,8.05,,,2011 BL.xslx
43,43027,19/09/2010,,150-FH-43027-01C02,150-FH-43027-01C02-M9,150,01C02,7.1,3,Straight,,Adjacent Weld,Radial,7.5,8.3,8.5,8.8,8.275,,,2011 BL.xslx
43,43027,19/09/2010,,150-FH-43027-01C02,150-FH-43027-01C02-M9,150,01C02,7.1,4,Straight,,Adjacent Weld,Radial,7.5,6.8,6.9,7.4,7.15,,,2011 BL.xslx
43,43027,19/09/2010,,150-FH-43027-01C02,150-FH-43027-01C02-M9,150,01C02,7.1,5,Straight,,Adjacent Weld,Radial,7.3,7.8,7.7,7.7,7.625,,,2011 BL.xslx
43,43027,19/09/2010,,150-FH-43027-01C02,150-FH-43027-01C02-M9,150,01C02,7.1,7,Straight,,Adjacent Weld,Radial,7,7.1,7.8,7.4,7.325,,,2011 BL.xslx
43,43029,17/09/2011,,400-FH-43029-01C02,400-FH-43029-01C02-M7,400,01C02,7.9,1,Straight,,Adjacent Weld,Radial,8,8.3,8.5,8.7,8.375,,,2011 BL.xslx
43,43029,17/09/2011,,400-FH-43029-01C02,400-FH-43029-01C02-M7,400,01C02,7.9,2,Elbow,,Adjacent Weld,Radial,8.2,8.6,8.2,8.2,8.3,,,2011 BL.xslx
43,43029,17/09/2011,,400-FH-43029-01C02,400-FH-43029-01C02-M7,400,01C02,7.9,3,Elbow,,Outside of Elbow,Point,NR,NR,NR,8.3,8.3,8,,2011 BL.xslx
43,43029,17/09/2011,,400-FH-43029-01C02,400-FH-43029-01C02-M7,400,01C02,7.9,4,Elbow,,Outside of Elbow,Point,NR,NR,NR,8.2,8.2,8,,2011 BL.xslx
43,43029,17/09/2011,,400-FH-43029-01C02,400-FH-43029-01C02-M7,400,01C02,7.9,5,Elbow,,Outside of Elbow,Point,NR,NR,NR,8.1,8.1,8,,2011 BL.xslx
43,43029,17/09/2011,,400-FH-43029-01C02,400-FH-43029-01C02-M7,400,01C02,7.9,6,Elbow,,Adjacent Weld,Radial,8.3,9,8,8.1,8.35,,,2011 BL.xslx
43,43029,17/09/2011,,400-FH-43029-01C02,400-FH-43029-01C02-M7,400,01C02,7.9,7,Straight,,Adjacent Weld,Radial,8.3,8.5,8.6,8.5,8.475,,,2011 BL.xslx
43,43029,17/09/2011,,400-FH-43029-01C02,400-FH-43029-01C02-M7,400,01C02,7.9,8,Straight,,Adjacent Weld,Radial,8.6,8,7.9,8.2,8.175,,,2011 BL.xslx
43,43029,17/09/2011,,400-FH-43029-01C02,400-FH-43029-01C02-M7,400,01C02,7.9,9,Elbow,,Outside of Elbow,Point,8,NR,NR,NR,8,7.3,,2011 BL.xslx
43,43029,17/09/2011,,400-FH-43029-01C02,400-FH-43029-01C02-M7,400,01C02,7.9,10,Elbow,,Outside of Elbow,Point,7.5,NR,NR,NR,7.5,7.3,,2011 BL.xslx
43,43029,17/09/2011,,400-FH-43029-01C02,400-FH-43029-01C02-M7,400,01C02,7.9,11,Elbow,,Outside of Elbow,Point,7.4,NR,NR,NR,7.4,7.3,,2011 BL.xslx
43,43029,17/09/2011,,400-FH-43029-01C02,400-FH-43029-01C02-M7,400,01C02,7.9,12,Elbow,,Adjacent Weld,Radial,7.8,8.4,8.5,8.1,8.2,,,2011 BL.xslx
43,43032,19/09/2011,,150-PL-43032-01C02,150-PL-43032-01C02-M7,150,01C02,7.1,1,Straight,,Adjacent Weld,N/A,N/A,N/A,N/A,N/A,,,Line is demolished,2011 BL.xslx
43,43032,19/09/2011,,150-PL-43032-01C02,150-PL-43032-01C02-M7,150,01C02,7.1,2,Elbow,,Adjacent Weld,N/A,N/A,N/A,N/A,N/A,,,Line is demolished,2011 BL.xslx
43,43032,19/09/2011,,150-PL-43032-01C02,150-PL-43032-01C02-M7,150,01C02,7.1,3,Elbow,,Outside of Elbow,N/A,N/A,N/A,N/A,N/A,,,Line is demolished,2011 BL.xslx
43,43032,19/09/2011,,150-PL-43032-01C02,150-PL-43032-01C02-M7,150,01C02,7.1,4,Elbow,,Adjacent Weld,N/A,N/A,N/A,N/A,N/A,,,Line is demolished,2011 BL.xslx
43,43032,19/09/2011,,150-PL-43032-01C02,150-PL-43032-01C02-M7,150,01C02,7.1,5,Straight,,Outside of Elbow,N/A,N/A,N/A,N/A,N/A,,,Line is demolished,2011 BL.xslx
43,43032,19/09/2011,,150-PL-43032-01C02,150-PL-43032-01C02-M7,150,01C02,7.1,6,Straight,,Adjacent Weld,N/A,N/A,N/A,N/A,N/A,,,Line is demolished,2011 BL.xslx
43,43032,19/09/2011,,150-PL-43032-01C02,150-PL-43032-01C02-M7,150,01C02,7.1,7,Elbow,,Adjacent Weld,N/A,N/A,N/A,N/A,N/A,,,Line is demolished,2011 BL.xslx
43,43032,19/09/2011,,150-PL-43032-01C02,150-PL-43032-01C02-M7,150,01C02,7.1,8,Elbow,,Outside of Elbow,N/A,N/A,N/A,N/A,N/A,,,Line is demolished,2011 BL.xslx
43,43032,19/09/2011,,150-PL-43032-01C02,150-PL-43032-01C02-M7,150,01C02,7.1,9,Elbow,,Adjacent Weld,N/A,N/A,N/A,N/A,N/A,,,Line is demolished,2011 BL.xslx
43,43032,19/09/2011,,150-PL-43032-01C02,150-PL-43032-01C02-M7,150,01C02,7.1,10,Straight,,Adjacent Weld,N/A,N/A,N/A,N/A,N/A,,,Line is demolished,2011 BL.xslx
43,43085,17/09/2011,,350-FL-43085-01C02,350-FL-43085-01C02-M7,350,01C02,7.9,1,Straight,,Adjacent Weld,Radial,6.6,6.6,8,8.5,7.425,,12.7% under NWT,2011 BL.xslx
43,43085,17/09/2011,,350-FL-43085-01C02,350-FL-43085-01C02-M7,350,01C02,7.9,2,Elbow,,Adjacent Weld,Radial,9.7,9.4,9.4,9.4,9.475,,,2011 BL.xslx
43,43085,17/09/2011,,350-FL-43085-01C02,350-FL-43085-01C02-M7,350,01C02,7.9,3,Elbow,,Outside of Elbow,Point,NR,9.2,NR,NR,9.2,8.7,,2011 BL.xslx
43,43085,17/09/2011,,350-FL-43085-01C02,350-FL-43085-01C02-M7,350,01C02,7.9,4,Elbow,,Outside of Elbow,Point,NR,9,NR,NR,9,8.7,,2011 BL.xslx
43,43085,17/09/2011,,350-FL-43085-01C02,350-FL-43085-01C02-M7,350,01C02,7.9,5,Elbow,,Outside of Elbow,Point,NR,8.8,NR,NR,8.8,8.7,,2011 BL.xslx
43,43085,17/09/2011,,350-FL-43085-01C02,350-FL-43085-01C02-M7,350,01C02,7.9,6,Elbow,,Adjacent Weld,Radial,9.6,9.5,9.2,9.3,9.4,,,2011 BL.xslx
43,43085,17/09/2011,,350-FL-43085-01C02,350-FL-43085-01C02-M7,350,01C02,7.9,7,Straight,,Adjacent Weld,Radial,6.5,6.2,8.2,8.6,7.375,,21.5% below NWT (assume switch 3 / 9 oclock from previous baseline),2011 BL.xslx
43,43085,17/09/2011,,350-FL-43085-01C02,350-FL-43085-01C02-M7,350,01C02,7.9,8,Elbow,,Adjacent Weld,Radial,8.1,8.2,7.4,7.6,7.825,,,2011 BL.xslx
43,43085,17/09/2011,,350-FL-43085-01C02,350-FL-43085-01C02-M7,350,01C02,7.9,9,Elbow,,Outside of Elbow,Point,7.7,NR,NR,NR,7.7,7.4,,2011 BL.xslx
43,43085,17/09/2011,,350-FL-43085-01C02,350-FL-43085-01C02-M7,350,01C02,7.9,10,Elbow,,Outside of Elbow,Point,8.1,NR,NR,NR,8.1,7.4,,2011 BL.xslx
43,43085,17/09/2011,,350-FL-43085-01C02,350-FL-43085-01C02-M7,350,01C02,7.9,11,Elbow,,Outside of Elbow,Point,7.6,NR,NR,NR,7.6,7.4,,2011 BL.xslx
43,43085,17/09/2011,,350-FL-43085-01C02,350-FL-43085-01C02-M7,350,01C02,7.9,12,Elbow,,Adjacent Weld,Radial,8.2,8.3,7.6,7.1,7.8,,,2011 BL.xslx
43,43087,19/09/2011,,200-PL-43087-01C02,200-PL-43087-01C02-M7-1,200,01C02,6.4,1,Straight,,Adjacent Weld,N/A,N/A,N/A,N/A,N/A,,,Line is demolished,2011 BL.xslx
43,43087,19/09/2011,,200-PL-43087-01C02,200-PL-43087-01C02-M7-1,200,01C02,6.4,2,Elbow,,Adjacent Weld,N/A,N/A,N/A,N/A,N/A,,,Line is demolished,2011 BL.xslx
43,43087,19/09/2011,,200-PL-43087-01C02,200-PL-43087-01C02-M7-1,200,01C02,6.4,3,Elbow,,Outside of Elbow,N/A,N/A,N/A,N/A,N/A,,,Line is demolished,2011 BL.xslx
43,43087,19/09/2011,,200-PL-43087-01C02,200-PL-43087-01C02-M7-1,200,01C02,6.4,4,Elbow,,Outside of Elbow,N/A,N/A,N/A,N/A,N/A,,,Line is demolished,2011 BL.xslx
43,43087,19/09/2011,,200-PL-43087-01C02,200-PL-43087-01C02-M7-1,200,01C02,6.4,5,Elbow,,Outside of Elbow,N/A,N/A,N/A,N/A,N/A,,,Line is demolished,2011 BL.xslx
43,43087,19/09/2011,,200-PL-43087-01C02,200-PL-43087-01C02-M7-1,200,01C02,6.4,6,Elbow,,Adjacent Weld,N/A,N/A,N/A,N/A,N/A,,,Line is demolished,2011 BL.xslx
43,43087,19/09/2011,,200-PL-43087-01C02,200-PL-43087-01C02-M7-1,200,01C02,6.4,7,Straight,,Adjacent Weld,N/A,N/A,N/A,N/A,N/A,,,Line is demolished,2011 BL.xslx
43,43087,19/09/2011,,200-PL-43087-01C02,200-PL-43087-01C02-M7-1,200,01C02,6.4,8,Elbow,,Adjacent Weld,N/A,N/A,N/A,N/A,N/A,,,Line is demolished,2011 BL.xslx
43,43087,19/09/2011,,200-PL-43087-01C02,200-PL-43087-01C02-M7-1,200,01C02,6.4,9,Elbow,,Outside of Elbow,N/A,N/A,N/A,N/A,N/A,,,Line is demolished,2011 BL.xslx
43,43087,19/09/2011,,200-PL-43087-01C02,200-PL-43087-01C02-M7-1,200,01C02,6.4,10,Elbow,,Outside of Elbow,N/A,N/A,N/A,N/A,N/A,,,Line is demolished,2011 BL.xslx
43,43087,19/09/2011,,200-PL-43087-01C02,200-PL-43087-01C02-M7-1,200,01C02,6.4,11,Elbow,,Outside of Elbow,N/A,N/A,N/A,N/A,N/A,,,Line is demolished,2011 BL.xslx
43,43087,19/09/2011,,200-PL-43087-01C02,200-PL-43087-01C02-M7-1,200,01C02,6.4,12,Elbow,,Adjacent Weld,N/A,N/A,N/A,N/A,N/A,,,Line is demolished,2011 BL.xslx
43,43087,19/09/2011,,200-PL-43087-01C02,200-PL-43087-01C02-M7-1,200,01C02,6.4,13,Straight,,Adjacent Weld,N/A,N/A,N/A,N/A,N/A,,,Line is demolished,2011 BL.xslx
43,43087,19/09/2011,,200-PL-43087-01C02,200-PL-43087-01C02-M7-2,200,01C02,6.4,14,Straight,,Adjacent Weld,N/A,N/A,N/A,N/A,N/A,,,Line is demolished,2011 BL.xslx
43,43087,19/09/2011,,200-PL-43087-01C02,200-PL-43087-01C02-M7-2,200,01C02,6.4,15,Elbow,,Adjacent Weld,N/A,N/A,N/A,N/A,N/A,,,Line is demolished,2011 BL.xslx
43,43087,19/09/2011,,200-PL-43087-01C02,200-PL-43087-01C02-M7-2,200,01C02,6.4,16,Elbow,,Outside of Elbow,N/A,N/A,N/A,N/A,N/A,,,Line is demolished,2011 BL.xslx
43,43087,19/09/2011,,200-PL-43087-01C02,200-PL-43087-01C02-M7-2,200,01C02,6.4,17,Elbow,,Outside of Elbow,N/A,N/A,N/A,N/A,N/A,,,Line is demolished,2011 BL.xslx
43,43087,19/09/2011,,200-PL-43087-01C02,200-PL-43087-01C02-M7-2,200,01C02,6.4,18,Elbow,,Outside of Elbow,N/A,N/A,N/A,N/A,N/A,,,Line is demolished,2011 BL.xslx
43,43087,19/09/2011,,200-PL-43087-01C02,200-PL-43087-01C02-M7-2,200,01C02,6.4,19,Elbow,,Adjacent Weld,N/A,N/A,N/A,N/A,N/A,,,Line is demolished,2011 BL.xslx
43,43087,19/09/2011,,200-PL-43087-01C02,200-PL-43087-01C02-M7-2,200,01C02,6.4,20,Straight,,Adjacent Weld,N/A,N/A,N/A,N/A,N/A,,,Line is demolished,2011 BL.xslx
43,43087,19/09/2011,,200-PL-43087-01C02,200-PL-43087-01C02-M7-1,200,01C02,6.4,21,Straight,,Adjacent Weld,N/A,N/A,N/A,N/A,N/A,,,Line is demolished,2011 BL.xslx
43,43087,19/09/2011,,200-PL-43087-01C02,200-PL-43087-01C02-M7-1,200,01C02,6.4,22,Elbow,,Adjacent Weld,N/A,N/A,N/A,N/A,N/A,,,Line is demolished,2011 BL.xslx
43,43087,19/09/2011,,200-PL-43087-01C02,200-PL-43087-01C02-M7-1,200,01C02,6.4,23,Elbow,,Outside of Elbow,N/A,N/A,N/A,N/A,N/A,,,Line is demolished,2011 BL.xslx
43,43087,19/09/2011,,200-PL-43087-01C02,200-PL-43087-01C02-M7-1,200,01C02,6.4,24,Elbow,,Outside of Elbow,N/A,N/A,N/A,N/A,N/A,,,Line is demolished,2011 BL.xslx
43,43087,19/09/2011,,200-PL-43087-01C02,200-PL-43087-01C02-M7-1,200,01C02,6.4,25,Elbow,,Outside of Elbow,N/A,N/A,N/A,N/A,N/A,,,Line is demolished,2011 BL.xslx
43,43087,19/09/2011,,200-PL-43087-01C02,200-PL-43087-01C02-M7-1,200,01C02,6.4,26,Elbow,,Adjacent Weld,N/A,N/A,N/A,N/A,N/A,,,Line is demolished,2011 BL.xslx
43,43087,19/09/2011,,200-PL-43087-01C02,200-PL-43087-01C02-M7-1,200,01C02,6.4,27,Straight,,Adjacent Weld,N/A,N/A,N/A,N/A,N/A,,,Line is demolished,2011 BL.xslx
43,43087,19/09/2011,,200-PL-43087-01C02,200-PL-43087-01C02-M7-2,200,01C02,6.4,28,Straight,,Adjacent Weld,N/A,N/A,N/A,N/A,N/A,,,Line is demolished,2011 BL.xslx
43,43087,19/09/2011,,200-PL-43087-01C02,200-PL-43087-01C02-M7-2,200,01C02,6.4,29,Elbow,,Adjacent Weld,N/A,N/A,N/A,N/A,N/A,,,Line is demolished,2011 BL.xslx
43,43087,19/09/2011,,200-PL-43087-01C02,200-PL-43087-01C02-M7-2,200,01C02,6.4,30,Elbow,,Outside of Elbow,N/A,N/A,N/A,N/A,N/A,,,Line is demolished,2011 BL.xslx
43,43087,19/09/2011,,200-PL-43087-01C02,200-PL-43087-01C02-M7-2,200,01C02,6.4,31,Elbow,,Outside of Elbow,N/A,N/A,N/A,N/A,N/A,,,Line is demolished,2011 BL.xslx
43,43087,19/09/2011,,200-PL-43087-01C02,200-PL-43087-01C02-M7-2,200,01C02,6.4,32,Elbow,,Outside of Elbow,N/A,N/A,N/A,N/A,N/A,,,Line is demolished,2011 BL.xslx
43,43087,19/09/2011,,200-PL-43087-01C02,200-PL-43087-01C02-M7-2,200,01C02,6.4,33,Elbow,,Adjacent Weld,N/A,N/A,N/A,N/A,N/A,,,Line is demolished,2011 BL.xslx
43,43087,19/09/2011,,200-PL-43087-01C02,200-PL-43087-01C02-M7-2,200,01C02,6.4,34,Straight,,Adjacent Weld,N/A,N/A,N/A,N/A,N/A,,,Line is demolished,2011 BL.xslx
43,43108,15/09/2011,,200-FH-43108-01C02,200-FH-43108-01C02-M1,200,01C02,6.4,1,Straight,,Adjacent Weld,Radial,6.1,6.5,,6.4,6.333333333,,New pipe support at 6 o'clock,2011 BL.xslx
43,43108,15/09/2011,,200-FH-43108-01C02,200-FH-43108-01C02-M1,200,01C02,6.4,2,Elbow,,Adjacent Weld,Radial,8.3,8.3,8,7.9,8.125,,,2011 BL.xslx
43,43108,15/09/2011,,200-FH-43108-01C02,200-FH-43108-01C02-M1,200,01C02,6.4,3,Elbow,,Outside of Elbow,Point,8.2,NR,NR,NR,8.2,8,,2011 BL.xslx
43,43108,15/09/2011,,200-FH-43108-01C02,200-FH-43108-01C02-M1,200,01C02,6.4,4,Elbow,,Outside of Elbow,Point,8,NR,NR,NR,8,8,,2011 BL.xslx
43,43108,15/09/2011,,200-FH-43108-01C02,200-FH-43108-01C02-M1,200,01C02,6.4,5,Elbow,,Outside of Elbow,Point,7.6,NR,NR,NR,7.6,8,,2011 BL.xslx
43,43108,15/09/2011,,200-FH-43108-01C02,200-FH-43108-01C02-M1,200,01C02,6.4,6,Elbow,,Adjacent Weld,Radial,7.7,8.3,8.8,8,8.2,,,2011 BL.xslx
43,43109,15/09/2011,,200-FH-43109-01C02,200-FH-43109-01C02-M1,200,01C02,6.4,1,Straight,,Adjacent Weld,Radial,6.5,6.7,,6.5,6.566666667,,New pipe support at 6 o'clock,2011 BL.xslx
43,43109,15/09/2011,,200-FH-43109-01C02,200-FH-43109-01C02-M1,200,01C02,6.4,2,Elbow,,Adjacent Weld,Radial,7.8,8.3,8.9,8.4,8.35,,,2011 BL.xslx
43,43109,15/09/2011,,200-FH-43109-01C02,200-FH-43109-01C02-M1,200,01C02,6.4,3,Elbow,,Outside of Elbow,Point,7.6,NR,NR,NR,7.6,7.5,,2011 BL.xslx
43,43109,15/09/2011,,200-FH-43109-01C02,200-FH-43109-01C02-M1,200,01C02,6.4,4,Elbow,,Outside of Elbow,Point,7.7,NR,NR,NR,7.7,7.5,,2011 BL.xslx
43,43109,15/09/2011,,200-FH-43109-01C02,200-FH-43109-01C02-M1,200,01C02,6.4,5,Elbow,,Outside of Elbow,Point,7.9,NR,NR,NR,7.9,7.5,,2011 BL.xslx
43,43109,15/09/2011,,200-FH-43109-01C02,200-FH-43109-01C02-M1,200,01C02,6.4,6,Elbow,,Adjacent Weld,Radial,8,8.2,8.2,8.1,8.125,,,2011 BL.xslx
43,43110,15/09/2011,,200-FH-43110-01C02,200-FH-43110-01C02-M1,200,01C02,6.4,1,Straight,,Adjacent Weld,Radial,8.1,8.2,,8.2,8.166666667,,New pipe support at 6 o'clock,2011 BL.xslx
43,43110,15/09/2011,,200-FH-43110-01C02,200-FH-43110-01C02-M1,200,01C02,6.4,2,Elbow,,Adjacent Weld,Radial,7,7.8,8.9,8.4,8.025,,,2011 BL.xslx
43,43110,15/09/2011,,200-FH-43110-01C02,200-FH-43110-01C02-M1,200,01C02,6.4,3,Elbow,,Outside of Elbow,Point,7.4,NR,NR,NR,7.4,7.1,,2011 BL.xslx
43,43110,15/09/2011,,200-FH-43110-01C02,200-FH-43110-01C02-M1,200,01C02,6.4,4,Elbow,,Outside of Elbow,Point,7.1,NR,NR,NR,7.1,7.1,,2011 BL.xslx
43,43110,15/09/2011,,200-FH-43110-01C02,200-FH-43110-01C02-M1,200,01C02,6.4,5,Elbow,,Outside of Elbow,Point,7.2,NR,NR,NR,7.2,7.1,,2011 BL.xslx
43,43110,15/09/2011,,200-FH-43110-01C02,200-FH-43110-01C02-M1,200,01C02,6.4,6,Elbow,,Adjacent Weld,Radial,7.6,8.2,8.7,8.3,8.2,,,2011 BL.xslx
38,43454,17/09/2011,,50-FL-43454-01C02,50-FL-43454-01C02,50,01C02,5.5,1,Straight,,Adjacent Weld,Radial,5.6,5.6,5.7,5.4,5.575,,,2011 BL.xslx
38,43454,17/09/2011,,50-FL-43454-01C02,50-FL-43454-01C02,50,01C02,5.5,2,Elbow,,Adjacent Weld,Radial,5.6,5.9,6,5.9,5.85,,,2011 BL.xslx
38,43454,17/09/2011,,50-FL-43454-01C02,50-FL-43454-01C02,50,01C02,5.5,3,Elbow,,Outside of Elbow,Point,5.6,NR,NR,NR,5.6,5.5,,2011 BL.xslx
38,43454,17/09/2011,,50-FL-43454-01C02,50-FL-43454-01C02,50,01C02,5.5,4,Elbow,,Adjacent Weld,Radial,5.9,5.7,6.1,6,5.925,,,2011 BL.xslx
38,43454,17/09/2011,,50-FL-43454-01C02,50-FL-43454-01C02,50,01C02,5.5,5,Straight,,Adjacent Weld,Radial,5.6,5.3,5.4,5.6,5.475,,,2011 BL.xslx
43-i,43500,19/09/2011,,400-FH-43500-01C02,400-FH-43500-01C02,400,01C02,7.9,1,Straight,,Adjacent Weld,Radial,8.1,8,8,8.1,8.05,,,2011 BL.xslx
43-i,43500,19/09/2011,,400-FH-43500-01C02,400-FH-43500-01C02,400,01C02,7.9,2,Elbow,,Adjacent Weld,Radial,7.6,7.8,7.6,7.6,7.65,,,2011 BL.xslx
43-i,43500,19/09/2011,,400-FH-43500-01C02,400-FH-43500-01C02,400,01C02,7.9,3,Elbow,,Outside of Elbow,Point,NR,NR,NR,7.6,7.6,7.3,,2011 BL.xslx
43-i,43500,19/09/2011,,400-FH-43500-01C02,400-FH-43500-01C02,400,01C02,7.9,4,Elbow,,Outside of Elbow,Point,NR,NR,NR,7.5,7.5,7.3,,2011 BL.xslx
43-i,43500,19/09/2011,,400-FH-43500-01C02,400-FH-43500-01C02,400,01C02,7.9,5,Elbow,,Outside of Elbow,Point,NR,NR,NR,7.6,7.6,7.3,,2011 BL.xslx
43-i,43500,19/09/2011,,400-FH-43500-01C02,400-FH-43500-01C02,400,01C02,7.9,6,Elbow,,Adjacent Weld,Radial,7.1,7.1,7.7,7.7,7.4,,,2011 BL.xslx
43-i,43500,19/09/2011,,400-FH-43500-01C02,400-FH-43500-01C02,400,01C02,7.9,7,Straight,,Adjacent Weld,Radial,7.8,7.9,7.7,8.1,7.875,,,2011 BL.xslx
43-i,43500,19/09/2011,,400-FH-43500-01C02,400-FH-43500-01C02,400,01C02,7.9,8,Straight,,Adjacent Weld,Radial,7.9,7.9,8,8.1,7.975,,,2011 BL.xslx
43-i,43500,19/09/2011,,400-FH-43500-01C02,400-FH-43500-01C02,400,01C02,7.9,9,Elbow,,Adjacent Weld,Radial,7.9,7.4,7.5,6.9,7.425,,12.7% under NWT,2011 BL.xslx
43-i,43500,19/09/2011,,400-FH-43500-01C02,400-FH-43500-01C02,400,01C02,7.9,10,Elbow,,Outside of Elbow,Point,NR,7.7,NR,NR,7.7,7.5,,2011 BL.xslx
43-i,43500,19/09/2011,,400-FH-43500-01C02,400-FH-43500-01C02,400,01C02,7.9,11,Elbow,,Outside of Elbow,Point,NR,7.6,NR,NR,7.6,7.5,,2011 BL.xslx
43-i,43500,19/09/2011,,400-FH-43500-01C02,400-FH-43500-01C02,400,01C02,7.9,12,Elbow,,Outside of Elbow,Point,NR,7.5,NR,NR,7.5,7.5,,2011 BL.xslx
43-i,43500,19/09/2011,,400-FH-43500-01C02,400-FH-43500-01C02,400,01C02,7.9,13,Elbow,,Adjacent Weld,Radial,8.2,7.9,7.4,7,7.625,,,2011 BL.xslx
43-i,43500,19/09/2011,,400-FH-43500-01C02,400-FH-43500-01C02,400,01C02,7.9,14,Straight,,Adjacent Weld,Radial,8.1,8.3,8,8.4,8.2,,,2011 BL.xslx
43-i,43502,19/09/2011,,150-FH-43502-01C02,150-FH-43502-01C02,150,01C02,7.1,1,Straight,,Adjacent Weld,Radial,6.9,7.3,7,7.4,7.15,,Change in Feature Type ,2011 BL.xslx
43-i,43502,19/09/2011,,150-FH-43502-01C02,150-FH-43502-01C02,150,01C02,7.1,2,Elbow,,Adjacent Weld,Radial,7.1,6.6,6.8,7.9,7.1,,Change in Feature Type ,2011 BL.xslx
43-i,43502,19/09/2011,,150-FH-43502-01C02,150-FH-43502-01C02,150,01C02,7.1,3,Elbow,,Outside of Elbow,Point,6.7,NR,NR,NR,6.7,6.6,,2011 BL.xslx
43-i,43502,19/09/2011,,150-FH-43502-01C02,150-FH-43502-01C02,150,01C02,7.1,4,Elbow,,Adjacent Weld,Radial,6.6,6.5,7.2,7.9,7.05,,Change in Feature Type ,2011 BL.xslx
43-i,43502,19/09/2011,,150-FH-43502-01C02,150-FH-43502-01C02,150,01C02,7.1,5,Straight,,Adjacent Weld,Radial,6.8,6.8,6.7,7.3,6.9,,Change in Feature Type ,2011 BL.xslx
43-i,43511,19/09/2011,,350-FL-43511-01C02,350-FL-43511-01C02,350,01C02,7.9,1,Straight,,Adjacent Weld,Radial,7.8,7.3,6.6,6.8,7.125,,16.5% under NWT,2011 BL.xslx
43-i,43511,19/09/2011,,350-FL-43511-01C02,350-FL-43511-01C02,350,01C02,7.9,2,Elbow,,Adjacent Weld,Radial,9,10,9.5,9.1,9.4,,,2011 BL.xslx
43-i,43511,19/09/2011,,350-FL-43511-01C02,350-FL-43511-01C02,350,01C02,7.9,3,Elbow,,Outside of Elbow,Point,NR,NR,NR,8.9,8.9,8.6,,2011 BL.xslx
43-i,43511,19/09/2011,,350-FL-43511-01C02,350-FL-43511-01C02,350,01C02,7.9,4,Elbow,,Outside of Elbow,Point,NR,NR,NR,8.6,8.6,8.6,,2011 BL.xslx
43-i,43511,19/09/2011,,350-FL-43511-01C02,350-FL-43511-01C02,350,01C02,7.9,5,Elbow,,Outside of Elbow,Point,NR,NR,NR,8.9,8.9,8.6,,2011 BL.xslx
43-i,43511,19/09/2011,,350-FL-43511-01C02,350-FL-43511-01C02,350,01C02,7.9,6,Elbow,,Adjacent Weld,Radial,9.6,9.8,8.9,9.4,9.425,,,2011 BL.xslx
43-i,43511,19/09/2011,,350-FL-43511-01C02,350-FL-43511-01C02,350,01C02,7.9,7,Straight,,Adjacent Weld,Radial,8.9,7.9,8.7,6.6,8.025,,16.5% under NWT,2011 BL.xslx
43-i,43511,19/09/2011,,350-FL-43511-01C02,350-FL-43511-01C02,350,01C02,7.9,8,Straight,,Adjacent Weld,Radial,6.8,6.9,7.9,7.8,7.35,,13.9% under NWT,2011 BL.xslx
43-i,43511,19/09/2011,,350-FL-43511-01C02,350-FL-43511-01C02,350,01C02,7.9,9,Elbow,,Adjacent Weld,Radial,9.1,9.2,8.5,9.5,9.075,,,2011 BL.xslx
43-i,43511,19/09/2011,,350-FL-43511-01C02,350-FL-43511-01C02,350,01C02,7.9,10,Elbow,,Outside of Elbow,Point,NR,9,NR,NR,9,8.9,,2011 BL.xslx
43-i,43511,19/09/2011,,350-FL-43511-01C02,350-FL-43511-01C02,350,01C02,7.9,11,Elbow,,Outside of Elbow,Point,NR,9.2,NR,NR,9.2,8.9,,2011 BL.xslx
43-i,43511,19/09/2011,,350-FL-43511-01C02,350-FL-43511-01C02,350,01C02,7.9,12,Elbow,,Outside of Elbow,Point,NR,9.2,NR,NR,9.2,8.9,,2011 BL.xslx
43-i,43511,19/09/2011,,350-FL-43511-01C02,350-FL-43511-01C02,350,01C02,7.9,13,Elbow,,Adjacent Weld,Radial,9.3,9.2,8.9,9.7,9.275,,,2011 BL.xslx
43-i,43511,19/09/2011,,350-FL-43511-01C02,350-FL-43511-01C02,350,01C02,7.9,14,Straight,,Adjacent Weld,Radial,8.4,8,6.6,7.3,7.575,,16.5% under NWT,2011 BL.xslx
43-i,43516,19/09/2011,,200-FH-43516-01C02,200-FH-43516-01C02,200,01C02,6.4,1,Straight,,Adjacent Weld,Radial,6.5,6.3,6.4,6.4,6.4,,,2011 BL.xslx
43-i,43516,19/09/2011,,200-FH-43516-01C02,200-FH-43516-01C02,200,01C02,6.4,2,Elbow,,Adjacent Weld,Radial,6.8,7.1,6.7,7.4,7,,,2011 BL.xslx
43-i,43516,19/09/2011,,200-FH-43516-01C02,200-FH-43516-01C02,200,01C02,6.4,3,Elbow,,Outside of Elbow,Point,6.8,NR,NR,NR,6.8,6.7,,2011 BL.xslx
43-i,43516,19/09/2011,,200-FH-43516-01C02,200-FH-43516-01C02,200,01C02,6.4,4,Elbow,,Outside of Elbow,Point,7.1,NR,NR,NR,7.1,6.7,,2011 BL.xslx
43-i,43516,19/09/2011,,200-FH-43516-01C02,200-FH-43516-01C02,200,01C02,6.4,5,Elbow,,Adjacent Weld,Radial,6.4,7.1,6.2,7.1,6.7,,,2011 BL.xslx
43-i,43516,19/09/2011,,200-FH-43516-01C02,200-FH-43516-01C02,200,01C02,6.4,6,Straight,,Adjacent Weld,Radial,6,6,6.3,6.3,6.15,,,2011 BL.xslx
43-i,43516,19/09/2011,,200-FH-43516-01C02,200-FH-43516-01C02,200,01C02,6.4,7,Straight,,Adjacent Weld,Radial,6.5,6.4,6.4,6.4,6.425,,,2011 BL.xslx
43-i,43516,19/09/2011,,200-FH-43516-01C02,200-FH-43516-01C02,200,01C02,6.4,8,Elbow,,Adjacent Weld,Radial,6.6,7.4,6.7,7.4,7.025,,,2011 BL.xslx
43-i,43516,19/09/2011,,200-FH-43516-01C02,200-FH-43516-01C02,200,01C02,6.4,9,Elbow,,Outside of Elbow,Point,NR,NR,6.9,NR,6.9,6.6,,2011 BL.xslx
43-i,43516,19/09/2011,,200-FH-43516-01C02,200-FH-43516-01C02,200,01C02,6.4,10,Elbow,,Outside of Elbow,Point,NR,NR,6.7,NR,6.7,6.6,,2011 BL.xslx
43-i,43516,19/09/2011,,200-FH-43516-01C02,200-FH-43516-01C02,200,01C02,6.4,11,Elbow,,Adjacent Weld,Radial,6.5,7.2,6.1,7.3,6.775,,,2011 BL.xslx
43-i,43516,19/09/2011,,200-FH-43516-01C02,200-FH-43516-01C02,200,01C02,6.4,12,Straight,,Adjacent Weld,Radial,6.5,6.4,6.3,6.5,6.425,,,2011 BL.xslx
45-i,45504,20/09/2011,,100-FG-45504-03C02,TM-TP-FPS-I-020-45-45504,100,01C02,5.5,1,Straight,,Adjacent Weld,N/A,N/A,N/A,N/A,N/A,,,Line is fully insulated ,2011 BL.xslx
45-i,45504,20/09/2011,,100-FG-45504-03C02,TM-TP-FPS-I-020-45-45504,100,01C02,5.5,2,Elbow,,Adjacent Weld,N/A,N/A,N/A,N/A,N/A,,,Line is fully insulated ,2011 BL.xslx
45-i,45504,20/09/2011,,100-FG-45504-03C02,TM-TP-FPS-I-020-45-45504,100,01C02,5.5,3,Elbow,,Outside of Bend,N/A,N/A,N/A,N/A,N/A,,,Line is fully insulated ,2011 BL.xslx
45-i,45504,20/09/2011,,100-FG-45504-03C02,TM-TP-FPS-I-020-45-45504,100,01C02,5.5,4,Elbow,,Adjacent Weld,N/A,N/A,N/A,N/A,N/A,,,Line is fully insulated ,2011 BL.xslx
45-i,45504,20/09/2011,,100-FG-45504-03C02,TM-TP-FPS-I-020-45-45504,100,01C02,5.5,5,Straight,,Adjacent Weld,N/A,N/A,N/A,N/A,N/A,,,Line is fully insulated ,2011 BL.xslx
45-i,45504,20/09/2011,,100-FG-45504-03C02,TM-TP-FPS-I-020-45-45504,100,01C02,5.5,6,Straight,,Adjacent Weld,N/A,N/A,N/A,N/A,N/A,,,Line is fully insulated ,2011 BL.xslx
45-i,45504,20/09/2011,,100-FG-45504-03C02,TM-TP-FPS-I-020-45-45504,100,01C02,5.5,7,Elbow,,Adjacent Weld,N/A,N/A,N/A,N/A,N/A,,,Line is fully insulated ,2011 BL.xslx
45-i,45504,20/09/2011,,100-FG-45504-03C02,TM-TP-FPS-I-020-45-45504,100,01C02,5.5,8,Elbow,,Outside of Bend,N/A,N/A,N/A,N/A,N/A,,,Line is fully insulated ,2011 BL.xslx
45-i,45504,20/09/2011,,100-FG-45504-03C02,TM-TP-FPS-I-020-45-45504,100,01C02,5.5,9,Elbow,,Adjacent Weld,N/A,N/A,N/A,N/A,N/A,,,Line is fully insulated ,2011 BL.xslx
45-i,45504,20/09/2011,,100-FG-45504-03C02,TM-TP-FPS-I-020-45-45504,100,01C02,5.5,10,Straight,,Adjacent Weld,N/A,N/A,N/A,N/A,N/A,,,Line is fully insulated ,2011 BL.xslx
45-i,45504,20/09/2011,,100-FG-45504-03C02,TM-TP-FPS-I-020-45-45504,100,01C02,5.5,11,Straight,,Adjacent Weld,N/A,N/A,N/A,N/A,N/A,,,Line is fully insulated ,2011 BL.xslx
45-i,45504,20/09/2011,,100-FG-45504-03C02,TM-TP-FPS-I-020-45-45504,100,01C02,5.5,12,Elbow,,Adjacent Weld,N/A,N/A,N/A,N/A,N/A,,,Line is fully insulated ,2011 BL.xslx
45-i,45504,20/09/2011,,100-FG-45504-03C02,TM-TP-FPS-I-020-45-45504,100,01C02,5.5,13,Elbow,,Outside of Bend,N/A,N/A,N/A,N/A,N/A,,,Line is fully insulated ,2011 BL.xslx
45-i,45504,20/09/2011,,100-FG-45504-03C02,TM-TP-FPS-I-020-45-45504,100,01C02,5.5,14,Elbow,,Adjacent Weld,N/A,N/A,N/A,N/A,N/A,,,Line is fully insulated ,2011 BL.xslx
45-i,45504,20/09/2011,,100-FG-45504-03C02,TM-TP-FPS-I-020-45-45504,100,01C02,5.5,15,Straight,,Adjacent Weld,N/A,N/A,N/A,N/A,N/A,,,Line is fully insulated ,2011 BL.xslx
45-i,45505,20/09/2011,,150-FG-45505-01C02,TM-TP-FPS-I-020-45-45505,150,01C02,7.1,1,Straight,,Adjacent Weld,Radial,7.6,6.8,7,6.8,7.05,,,2011 BL.xslx
45-i,45505,20/09/2011,,150-FG-45505-01C02,TM-TP-FPS-I-020-45-45505,150,01C02,7.1,2,Elbow,,Adjacent Weld,Radial,7.3,7.1,6.8,7.7,7.225,,,2011 BL.xslx
45-i,45505,20/09/2011,,150-FG-45505-01C02,TM-TP-FPS-I-020-45-45505,150,01C02,7.1,3,Elbow,,Outside of Bend,Point,NR,NR,6.2,NR,6.2,5.8,5.8mm 18.3% under NWT. (Assume 3 / 6 oclock positons changed between inspecitons),2011 BL.xslx
45-i,45505,20/09/2011,,150-FG-45505-01C02,TM-TP-FPS-I-020-45-45505,150,01C02,7.1,4,Elbow,,Adjacent Weld,Radial,7.7,7.4,6.2,7.3,7.15,,12.7% under NWT,2011 BL.xslx
45-i,45505,20/09/2011,,150-FG-45505-01C02,TM-TP-FPS-I-020-45-45505,150,01C02,7.1,5,Straight,,Adjacent Weld,Radial,7.3,7.6,,7.6,7.5,,Pipe support welded at 6 o'clock,2011 BL.xslx
45-i,45505,20/09/2011,,150-FG-45505-01C02,TM-TP-FPS-I-020-45-45505,150,01C02,7.1,6,Straight,,Adjacent Weld,Radial,7.4,7.5,7.1,7.4,7.35,,,2011 BL.xslx
45-i,45505,20/09/2011,,150-FG-45505-01C02,TM-TP-FPS-I-020-45-45505,150,01C02,7.1,7,Elbow,,Adjacent Weld,Radial,7.8,7.3,6.7,7.7,7.375,,,2011 BL.xslx
45-i,45505,20/09/2011,,150-FG-45505-01C02,TM-TP-FPS-I-020-45-45505,150,01C02,7.1,8,Elbow,,Outside of Bend,Point,7,NR,NR,NR,7,6.5,,2011 BL.xslx
45-i,45505,20/09/2011,,150-FG-45505-01C02,TM-TP-FPS-I-020-45-45505,150,01C02,7.1,9,Elbow,,Adjacent Weld,Radial,6.9,7.1,7.3,7.7,7.25,,,2011 BL.xslx
45-i,45505,20/09/2011,,150-FG-45505-01C02,TM-TP-FPS-I-020-45-45505,150,01C02,7.1,10,Straight,,Adjacent Weld,Radial,7.4,7.7,7,7.7,7.45,,,2011 BL.xslx
45-i,45507,20/09/2011,,100-FG-45507-03C02-E-S1,TM-TP-FPS-I-020-45-45507,100,01C02,5.5,1,Straight,,Adjacent Weld,Radial,5.7,5.7,5.6,5.8,5.7,,,2011 BL.xslx
45-i,45507,20/09/2011,,100-FG-45507-03C02-E-S1,TM-TP-FPS-I-020-45-45507,100,01C02,5.5,2,Elbow,,Adjacent Weld,Radial,5.6,5.9,5.2,5.7,5.6,,,2011 BL.xslx
45-i,45507,20/09/2011,,100-FG-45507-03C02-E-S1,TM-TP-FPS-I-020-45-45507,100,01C02,5.5,3,Elbow,,Outside of Bend,Point,5.4,NR,NR,NR,5.4,5.3,,2011 BL.xslx
45-i,45507,20/09/2011,,100-FG-45507-03C02-E-S1,TM-TP-FPS-I-020-45-45507,100,01C02,5.5,4,Elbow,,Adjacent Weld,Radial,5.2,6,5.7,5.7,5.65,,,2011 BL.xslx
45-i,45507,20/09/2011,,100-FG-45507-03C02-E-S1,TM-TP-FPS-I-020-45-45507,100,01C02,5.5,5,Straight,,Adjacent Weld,Radial,5.7,5.6,,5.7,5.666666667,,Pipe support welded at 6 o'clock,2011 BL.xslx
45-i,45507,20/09/2011,,100-FG-45507-03C02-E-S1,TM-TP-FPS-I-020-45-45507,100,01C02,5.5,6,Straight,,Adjacent Weld,Radial,5.5,5.7,5.7,5.6,5.625,,,2011 BL.xslx
45-i,45507,20/09/2011,,100-FG-45507-03C02-E-S1,TM-TP-FPS-I-020-45-45507,100,01C02,5.5,7,Elbow,,Adjacent Weld,Radial,5.1,5.4,5.1,5.8,5.35,,,2011 BL.xslx
45-i,45507,20/09/2011,,100-FG-45507-03C02-E-S1,TM-TP-FPS-I-020-45-45507,100,01C02,5.5,8,Elbow,,Outside of Bend,Point,NR,NR,5.5,NR,5.5,5.2,,2011 BL.xslx
45-i,45507,20/09/2011,,100-FG-45507-03C02-E-S1,TM-TP-FPS-I-020-45-45507,100,01C02,5.5,9,Elbow,,Adjacent Weld,Radial,5.7,5.4,6.1,5.4,5.65,,,2011 BL.xslx
45-i,45507,20/09/2011,,100-FG-45507-03C02-E-S1,TM-TP-FPS-I-020-45-45507,100,01C02,5.5,10,Straight,,Adjacent Weld,Radial,5,5.2,5.3,5.2,5.175,,,2011 BL.xslx
45-i,45507,20/09/2011,,100-FG-45507-03C02-E-S1,TM-TP-FPS-I-020-45-45507,100,01C02,5.5,11,Straight,,Adjacent Weld,Radial,5.9,5.8,5.8,5.9,5.85,,,2011 BL.xslx
45-i,45507,20/09/2011,,100-FG-45507-03C02-E-S1,TM-TP-FPS-I-020-45-45507,100,01C02,5.5,12,Elbow,,Adjacent Weld,Radial,5.2,5.6,5.3,5.4,5.375,,,2011 BL.xslx
45-i,45507,20/09/2011,,100-FG-45507-03C02-E-S1,TM-TP-FPS-I-020-45-45507,100,01C02,5.5,13,Elbow,,Outside of Bend,Point,5,NR,NR,NR,5,4.9,,2011 BL.xslx
45-i,45507,20/09/2011,,100-FG-45507-03C02-E-S1,TM-TP-FPS-I-020-45-45507,100,01C02,5.5,14,Elbow,,Adjacent Weld,Radial,5,5.8,5.3,5.2,5.325,,,2011 BL.xslx
45-i,45507,20/09/2011,,100-FG-45507-03C02-E-S1,TM-TP-FPS-I-020-45-45507,100,01C02,5.5,15,Straight,,Adjacent Weld,Radial,5.6,5.7,5.7,5.6,5.65,,,2011 BL.xslx
57,57001,17/09/2011,,80-DC-57001-01C02,80-DC-57001-01C02-M1,80,01C02,5.5,1,Straight,,Adjacent Weld,N/A,N/A,N/A,N/A,N/A,,,Personnel protective cages ,2011 BL.xslx
57,57001,17/09/2011,,80-DC-57001-01C02,80-DC-57001-01C02-M1,80,01C02,5.5,2,Straight,,Adjacent Weld,N/A,N/A,N/A,N/A,N/A,,,Personnel protective cages ,2011 BL.xslx
57,57003,16/09/2011,,80-DC-57003-01C02,80-DC-57003-01C02-M1,80,01C02,5.5,1,Straight,,Adjacent Weld,N/A,N/A,N/A,N/A,N/A,,,line removed at time of insp,2011 BL.xslx
57,57003,16/09/2011,,80-DC-57003-01C02,80-DC-57003-01C02-M1,80,01C02,5.5,2,Elbow,,Adjacent Weld,N/A,N/A,N/A,N/A,N/A,,,line removed at time of insp,2011 BL.xslx
57,57003,16/09/2011,,80-DC-57003-01C02,80-DC-57003-01C02-M1,80,01C02,5.5,3,Elbow,,Outside of Bend,N/A,N/A,N/A,N/A,N/A,,,line removed at time of insp,2011 BL.xslx
57,57003,16/09/2011,,80-DC-57003-01C02,80-DC-57003-01C02-M1,80,01C02,5.5,4,Elbow,,Adjacent Weld,N/A,N/A,N/A,N/A,N/A,,,line removed at time of insp,2011 BL.xslx
57,57003,16/09/2011,,80-DC-57003-01C02,80-DC-57003-01C02-M1,80,01C02,5.5,5,Straight,,Adjacent Weld,N/A,N/A,N/A,N/A,N/A,,,line removed at time of insp,2011 BL.xslx
57,57041,18/09/2011,,150-DC-57041-01C02,150-DC-57041-01C02-M1,150,01C02,7.1,1,Straight,,Adjacent Weld,Radial,6.9,7.2,7.2,6.8,7.025,,,2011 BL.xslx
57,57041,18/09/2011,,150-DC-57041-01C02,150-DC-57041-01C02-M1,150,01C02,7.1,2,Straight,,Adjacent Weld,Radial,7.3,6.8,7.3,6.8,7.05,,,2011 BL.xslx
